Start Time,End Time,Activity ID,Activity Name,Description,Location Name,Time Zone,Offset,Duration (h:m:s),Elapsed Duration (h:m:s),Moving Duration (h:m:s),Activity Parent,Activity Type,Event Type,Device,Gear,Privacy,File Format,Distance (km),Average Speed (km/h),Average Speed (km/h or min/km),Average Moving Speed (km/h),Average Moving Speed (km/h or min/km),Max. Speed (km/h),Max. Speed (km/h or min/km),Elevation Gain (m),Elevation Loss (m),Elevation Min. (m),Elevation Max. (m),Elevation Corrected,Begin Latitude (°DD),Begin Longitude (°DD),End Latitude (°DD),End Longitude (°DD),Max. Heart Rate (bpm),Average Heart Rate (bpm),Calories,VO2max,Aerobic Training Effect,Anaerobic Training Effect,Avg. Run Cadence,Max. Run Cadence,Stride Length,Steps,Avg. Cadence (rpm),Max. Cadence (rpm),Strokes,Avg. Temp (°C),Min. Temp (°C),Max. Temp (°C)
2021-10-10T10:20:54+19:00,2021-10-10T11:31:03+19:00,7635998989,"209. ESS GDL Vía-Minerva, c'est fini",,Guadalajara,America/Chicago,+19:00,01:00:48,01:10:09,01:00:31,Any Activity Type,Running,Uncategorized,Forerunner 645 Music 7.0.0.0,Pegs 38,public,fit,13.00897,12.84119968,04:40,12.89758487,04:39,14.51160049,04:08,71,43,1549.2,1603.4,FALSE,20.66014,-103.277711,20.662652,-103.286786,190,176,899,57,4.4,0.6,175.3,184,120.19,10512,,,,26.51274869,24,29
2021-10-10T08:21:44+19:00,2021-10-10T09:32:55+19:00,7635144227,208. ESS GDL Tetlán,,Guadalajara,America/Chicago,+19:00,00:57:04,01:11:11,00:56:21,Any Activity Type,Running,Uncategorized,Forerunner 645 Music 7.0.0.0,Pegs 38,public,fit,10.7998,11.3579999,05:17,11.49934318,05:13,16.55999966,03:37,37,37,1549.8,1572.6,FALSE,20.660437,-103.281401,20.662284,-103.278386,173,153,645,57,2.6,,165.09,179,111.7,9290,,,,23.32766201,22,26
2021-10-09T07:48:31+19:00,2021-10-09T10:05:26+19:00,7629337084,207. ESS GDL Centro,,Guadalajara,America/Chicago,+19:00,01:48:03,02:16:55,01:46:09,Any Activity Type,Running,Uncategorized,Forerunner 645 Music 7.0.0.0,,public,fit,17.4598,9.694800282,06:11,9.868940621,06:05,12.56400003,04:47,31,33,1538.6,1558.2,FALSE,20.676511,-103.354511,20.675776,-103.348005,157,135,916,57,2.4,,160.89,233,95.57,17150,,,,24.48646854,21,28
2021-10-07T07:45:00+19:00,2021-10-07T10:07:32+19:00,7618293320,206. ESS GDL Insurgentes,,Guadalajara,America/Chicago,+19:00,01:58:54,02:22:32,01:58:15,Any Activity Type,Running,Uncategorized,Forerunner 645 Music 7.0.0.0,Pegs 38,public,fit,24.19195,12.20760012,04:55,12.27557654,04:53,15.55200062,03:51,134,96,1541,1577.8,FALSE,20.652725,-103.27775,20.647002,-103.279801,197,164,1489,57,4,2,168.53,233,118.05,19738,,,,22.52695407,19,28
2021-10-05T07:53:19+19:00,2021-10-05T09:53:39+19:00,7607149206,"205. ESS GDL Jardines de San Francisco, Lagos de Oriente",,Guadalajara,America/Chicago,+19:00,01:39:16,02:00:20,01:38:25,Any Activity Type,Running,Uncategorized,Forerunner 645 Music 7.0.0.0,,public,fit,19.8975,12.02760029,04:59,12.1308364,04:57,15.35039978,03:55,38,36,1535.2,1561.2,FALSE,20.66381,-103.285283,20.663973,-103.27705,170,152,1034,58,2.7,0.1,172.08,192,112.95,16864,,,,19.86510653,18,25
2021-10-03T07:03:19+19:00,2021-10-03T12:11:28+19:00,7597590038,204. ESS GDL Chingos,,Guadalajara,America/Chicago,+19:00,03:37:25,05:08:09,03:35:39,Any Activity Type,Running,Uncategorized,Forerunner 645 Music 7.0.0.0,Pegs 38,public,fit,44.11182,12.17519989,04:56,12.27334407,04:53,15.8543993,03:47,238,232,1548.4,1591.8,FALSE,20.6708,-103.275536,20.667119,-103.274564,199,163,2667,58,3.9,2.5,171.34,208,115.66,36784,,,,23.55928632,19,30
2021-10-02T07:25:31+19:00,2021-10-02T09:06:28+19:00,7590534078,203. ESS GDL Zona Centro II,,Guadalajara,America/Chicago,+19:00,01:19:20,01:40:57,01:18:23,Any Activity Type,Running,Uncategorized,Forerunner 645 Music 7.0.0.0,,public,fit,13.18166,9.968400192,06:01,10.08984985,05:57,12.32640009,04:52,64,55,1547,1566,FALSE,20.677435,-103.346692,20.668809,-103.346466,153,128,655,,2.1,,161.81,190,95.03,12666,,,,22.56954846,20,26
2021-10-01T07:56:14+19:00,2021-10-01T10:02:36+19:00,7585224239,"202. ESS GDL Hermosa Provincia, San Joaquín",,Guadalajara,America/Chicago,+19:00,01:25:49,02:06:22,01:24:46,Any Activity Type,Running,Uncategorized,Forerunner 645 Music 7.0.0.0,,public,fit,17.4871,12.22920027,04:54,12.37812241,04:51,15.62040081,03:50,50,38,1567.2,1577.4,FALSE,20.665172,-103.286689,20.669637,-103.28105,181,152,942,58,2.7,,169.44,182,116.51,14336,,,,21.94070517,19,27
2021-09-29T07:39:38+19:00,2021-09-29T09:43:49+19:00,7574574166,"201. ESS GDL El Zalate, Lomas del Gallo, La Campesina",,Guadalajara,America/Chicago,+19:00,01:36:12,02:04:11,01:30:40,Any Activity Type,Running,Uncategorized,Forerunner 645 Music 7.0.0.0,Pegs 38,public,fit,17.46405,10.89360008,05:30,11.55757682,05:11,16.02360077,03:45,197,185,1528.2,1583.4,FALSE,20.678585,-103.274265,20.674691,-103.269247,186,150,1006,57,2.7,0.6,158.27,211,111.04,14974,,,,23.18568354,21,28
2021-09-28T07:53:47+19:00,2021-09-28T09:28:01+19:00,7568731773,"200. ESS GDL Aldama, Tetlán, Insurgentes",,Guadalajara,America/Chicago,+19:00,01:25:38,01:34:14,01:23:56,Any Activity Type,Running,Uncategorized,Forerunner 645 Music 7.0.0.0,,public,fit,17.46614,12.24000034,04:54,12.48517619,04:48,15.82199993,03:48,29,40,1571.6,1586.6,FALSE,20.659894,-103.277721,20.650993,-103.278993,184,161,1068,58,3.2,0.3,169.98,186,117.44,14366,,,,22.95845707,22,28
2021-09-25T07:51:18+19:00,2021-09-25T10:10:10+19:00,7551801551,"199. ESS GDL San Andrés, Insurgentes",,Guadalajara,America/Chicago,+19:00,01:48:38,02:18:52,01:48:11,Any Activity Type,Running,Uncategorized,Forerunner 645 Music 7.0.0.0,Pegs 38,public,fit,24.01308,13.26240005,04:31,13.31898553,04:30,17.33400021,03:28,66,48,1582.4,1609.2,FALSE,20.657923,-103.29342,20.656621,-103.283917,205,170,1458,58,4.3,4,175.83,193,123.06,18866,,,,22.04061527,19,27
2021-09-24T08:19:59+19:00,2021-09-24T09:50:26+19:00,7545779026,198. ESS GDL Jardines de los Historiadores,,Tlaquepaque,America/Chicago,+19:00,01:09:13,01:30:27,01:08:20,Any Activity Type,Running,Uncategorized,Forerunner 645 Music 7.0.0.0,,public,fit,14.50296,12.57120037,04:46,12.73492135,04:43,16.05600014,03:44,118,21,1577,1594,FALSE,20.64149,-103.288833,20.642758,-103.281469,196,163,891,57,3.4,2,171.44,216,118.29,11698,,,,23.01840502,21,27
2021-09-22T08:01:49+19:00,2021-09-22T09:29:51+19:00,7534460613,"197. ESS GDL Rancho Blanco, El Rosario",,Tlaquepaque,America/Chicago,+19:00,01:16:10,01:28:02,01:15:07,Any Activity Type,Running,Uncategorized,Forerunner 645 Music 7.0.0.0,,public,fit,15.17824,11.9592001,05:01,12.12321121,04:57,14.34239988,04:11,36,38,1560.2,1587,FALSE,20.638386,-103.319789,20.629991,-103.321477,183,162,935,56,3.3,0.4,168.83,190,114.18,12696,,,,22.74296218,21,27
2021-09-19T08:27:06+19:00,2021-09-19T10:20:48+19:00,7517885693,196. ESS GDL Analco,,Guadalajara,America/Chicago,+19:00,01:27:53,01:53:42,01:25:19,Any Activity Type,Running,Uncategorized,Forerunner 645 Music 7.0.0.0,Pegs 38,public,fit,15.35315,10.47960005,05:44,10.79684137,05:33,14.47919941,04:09,52,45,1549,1569.6,FALSE,20.669761,-103.344698,20.667286,-103.341548,163,145,828,57,2.5,,158.84,173,107.23,13812,,,,22.86891885,20,27
2021-09-18T08:33:13+19:00,2021-09-18T10:20:46+19:00,7511492987,195. ESS GDL Atlas II,,Guadalajara,America/Chicago,+19:00,01:19:57,01:47:33,01:18:26,Any Activity Type,Running,Uncategorized,Forerunner 645 Music 7.0.0.0,,public,fit,16.26891,12.20760012,04:55,12.44571191,04:49,14.47919941,04:09,57,57,1539.6,1582,FALSE,20.646036,-103.318592,20.640631,-103.318748,194,166,1050,58,3.3,0.8,169.02,180,116.44,13366,,,,23.02531539,21,28
2021-09-16T07:59:39+19:00,2021-09-16T09:12:11+19:00,7499426443,"194. ESS GDL Jardines del Nilo, Jardines de los Poetas, Insurgentes",,Guadalajara,America/Chicago,+19:00,00:56:20,01:12:32,00:55:51,Any Activity Type,Running,Uncategorized,Forerunner 645 Music 7.0.0.0,,public,fit,11.19568,11.92320013,05:02,12.02906676,04:59,13.77359991,04:21,20,14,1555.8,1571.4,FALSE,20.651154,-103.289402,20.64987,-103.291374,178,151,647,59,2.4,,167,177,114.84,9300,,,,23.5793975,22,29
2021-09-08T07:14:27+19:00,2021-09-08T09:38:34+19:00,7451044407,"193. ESS GDL La Florida, San Andrés, Cantarranas, Aldama Tetlán",,Guadalajara,America/Chicago,+19:00,01:49:03,02:24:07,01:47:01,Any Activity Type,Running,Uncategorized,Forerunner 645 Music 7.0.0.0,Pegs 38,public,fit,22.96401,12.63599997,04:45,12.87449807,04:40,16.62839985,03:36,41,20,1558.4,1576,FALSE,20.663344,-103.291099,20.658927,-103.291662,184,160,1330,59,3.1,0.4,171.98,186,118.35,18534,,,,21.53256454,19,27
2021-09-07T07:40:19+19:00,2021-09-07T09:17:13+19:00,7444540388,"192. ESS GDL Libertad, Lagos de Oriente",,Guadalajara,America/Chicago,+19:00,01:18:56,01:36:54,01:18:10,Any Activity Type,Running,Uncategorized,Forerunner 645 Music 7.0.0.0,,public,fit,15.87721,12.07079973,04:58,12.18734555,04:55,15.48360043,03:53,41,20,1561.2,1576.4,FALSE,20.672488,-103.295758,20.672245,-103.286279,173,153,876,59,2.6,0.1,168.92,186,115.13,13178,,,,20.63326534,18,26
2021-09-04T07:10:18+19:00,2021-09-04T09:47:19+19:00,7426228080,191. ESS GDL Atlas,,Guadalajara,America/Chicago,+19:00,02:06:07,02:37:01,02:05:01,Any Activity Type,Running,Uncategorized,Forerunner 645 Music 7.0.0.0,Pegs 38,public,fit,25.42649,12.09599962,04:58,12.20356327,04:55,16.3907999,03:40,86,58,1542.2,1571,FALSE,20.651469,-103.32737,20.648655,-103.334143,185,158,1478,59,3.2,,171.28,185,114.23,21366,,,,22.72598633,20,27
2021-09-03T07:43:27+19:00,2021-09-03T09:26:34+19:00,7419943102,"190. ESS GDL Barragán Hernández, La Aurora, Ferrocarril",,Guadalajara,America/Chicago,+19:00,01:12:28,01:43:07,01:11:25,Any Activity Type,Running,Uncategorized,Forerunner 645 Music 7.0.0.0,,public,fit,14.368,11.89439964,05:03,12.07113186,04:58,14.54399986,04:08,24,29,1521.8,1557.2,FALSE,20.667076,-103.346096,20.658308,-103.344779,173,147,754,59,2.4,,168.12,187,110.96,12010,,,,19.69113928,19,24
2021-09-01T07:45:27+19:00,2021-09-01T09:11:14+19:00,7407996734,189. ESS GDL Olímpica,,Guadalajara,America/Chicago,+19:00,01:01:21,01:25:47,00:59:43,Any Activity Type,Running,Uncategorized,Forerunner 645 Music 7.0.0.0,,public,fit,12.6981,12.42000017,04:50,12.7589919,04:42,14.17679987,04:14,40,18,1532.6,1550.2,FALSE,20.657236,-103.330171,20.653154,-103.326592,172,151,668,59,2.2,,169.88,188,116.21,10310,,,,22.59394066,21,26
2021-08-31T07:18:01+19:00,2021-08-31T09:00:26+19:00,7401823772,"188. ESS GDL San Andrés, Sta. María de Silo, Agustín Yañez",,Guadalajara,America/Chicago,+19:00,01:26:02,01:42:25,01:25:20,Any Activity Type,Running,Uncategorized,Forerunner 645 Music 7.0.0.0,,public,fit,17.73552,12.36960039,04:51,12.46915235,04:49,15.65280018,03:50,29,12,1535.4,1565.4,FALSE,20.664041,-103.298008,20.669556,-103.296175,172,155,957,59,2.7,,170.42,182,116.59,14488,,,,23.09937061,21,28
2021-08-28T07:13:02+19:00,2021-08-28T10:44:56+19:00,7385347580,"187. ESS GDL La Aurora, El Rosario, Lázaro Cardenas",,Guadalajara,America/Chicago,+19:00,02:37:20,03:31:54,02:36:34,Any Activity Type,Running,Uncategorized,Forerunner 645 Music 7.0.0.0,Pegs 38,public,fit,33.15834,12.64680004,04:45,12.70694,04:43,15.55200062,03:51,119,87,1531.8,1568.2,FALSE,20.655104,-103.344886,20.650831,-103.342033,190,162,1949,59,3.4,1.1,171.67,193,119.95,26720,,,,21.684173,19,26
2021-08-27T07:13:05+19:00,2021-08-27T08:26:22+19:00,7378862402,"186. ESS GDL Del Periodista, Quinta Velarde",,Guadalajara,America/Chicago,+19:00,01:01:21,01:13:17,01:00:58,Any Activity Type,Running,Uncategorized,Forerunner 645 Music 7.0.0.0,,public,fit,12.57898,12.3012002,04:53,12.37797252,04:51,17.09640026,03:31,34,28,1538.8,1557.2,FALSE,20.663445,-103.333794,20.659109,-103.334592,187,155,698,59,2.4,0.3,170.19,193,117.7,10338,,,,21.11985982,19,25
2021-08-26T07:20:54+19:00,2021-08-26T09:17:30+19:00,7373655897,"185. ESS GDL San Eugenio, Cuauhtémoc",,Guadalajara,America/Chicago,+19:00,01:35:12,01:56:36,01:33:37,Any Activity Type,Running,Uncategorized,Forerunner 645 Music 7.0.0.0,,public,fit,19.21193,12.1067997,04:57,12.31252451,04:52,14.41079922,04:10,110,95,1530.4,1564.6,FALSE,20.680435,-103.294326,20.681259,-103.288255,176,153,1017,58,2.7,,168.77,226,115.85,15914,,,,22.43926545,20,27
2021-08-25T06:54:28+19:00,2021-08-25T09:14:25+19:00,7367720165,"184. ESS GDL Jardines de Guadalupe, Libertad, San Andres",,Guadalajara,America/Chicago,+19:00,01:53:09,02:19:57,01:51:56,Any Activity Type,Running,Uncategorized,Forerunner 645 Music 7.0.0.0,Pegs 38,public,fit,22.62416,11.99520006,05:00,12.12665261,04:57,14.97959919,04:00,45,43,1550,1570.2,FALSE,20.665128,-103.305279,20.672763,-103.30248,185,158,1305,58,3.1,,167.7,240,115.96,18732,,,,22.41620195,21,27
2021-08-24T07:51:24+19:00,2021-08-24T09:18:45+19:00,7361585031,"183. ESS GDL Aaron Joaquín, El Zalate",,Guadalajara,America/Chicago,+19:00,01:10:10,01:27:21,01:08:48,Any Activity Type,Running,Uncategorized,Forerunner 645 Music 7.0.0.0,,public,fit,13.56547,11.59919958,05:10,11.83155525,05:04,16.1567997,03:43,95,93,1532,1573.8,FALSE,20.684496,-103.278391,20.679024,-103.277042,188,153,783,58,2.6,0.1,165.61,232,112.65,11452,,,,22.3784278,19,28
2021-08-22T08:24:14+19:00,2021-08-22T10:47:43+19:00,7351056091,"182. ESS GDL Las Conchas, San Carlos, Analco",,Guadalajara,America/Chicago,+19:00,01:50:09,02:23:29,01:49:20,Any Activity Type,Running,Uncategorized,Forerunner 645 Music 7.0.0.0,Pegs 38,public,fit,23.12733,12.59640026,04:46,12.69169594,04:44,16.96319962,03:32,57,58,1552.8,1573.8,FALSE,20.668236,-103.338753,20.661476,-103.340782,191,158,1272,58,3.3,1.2,171.94,191,118.43,18728,,,,25.10523973,22,29
2021-08-20T07:53:34+19:00,2021-08-20T09:16:00+19:00,7338253210,"181. ESS GDL Obrera, Unidad Modelo",,Guadalajara,America/Chicago,+19:00,01:00:08,01:22:26,00:58:39,Any Activity Type,Running,Uncategorized,Forerunner 645 Music 7.0.0.0,,public,fit,11.49523,11.46960039,05:14,11.76127369,05:06,19.58400021,03:04,34,15,1531.4,1556,FALSE,20.6651,-103.332977,20.664035,-103.333016,170,146,593,58,2.2,,166.86,198,109.67,9926,,,,23.64657708,21,27
2021-08-19T07:37:39+19:00,2021-08-19T09:22:17+19:00,7332494424,"180. ESS GDL San Rafael, San Andrés",,Guadalajara,America/Chicago,+19:00,01:31:44,01:44:38,01:31:09,Any Activity Type,Running,Uncategorized,Forerunner 645 Music 7.0.0.0,Pegs 38,public,fit,18.76296,12.27239971,04:53,12.34998674,04:51,14.54399986,04:08,27,19,1570.4,1584.4,FALSE,20.663199,-103.292779,20.654335,-103.294036,187,160,1108,58,3,0.3,170.81,192,117.54,15502,,,,22.59028782,21,27
2021-08-18T07:38:53+19:00,2021-08-18T09:16:36+19:00,7326555064,"179. ESS GDL Vicente Guerrero, Jardines de los Historiadores",,Guadalajara,America/Chicago,+19:00,01:25:59,01:37:43,01:25:42,Any Activity Type,Running,Uncategorized,Forerunner 645 Music 7.0.0.0,,public,fit,16.89926,11.79360008,05:05,11.83224538,05:04,13.60440016,04:25,71,42,1556.2,1578.2,FALSE,20.645941,-103.300856,20.645005,-103.291339,178,150,885,58,2.7,,169.94,178,113.47,14486,,,,23.98193156,22,28
2021-08-17T07:25:19+19:00,2021-08-17T09:08:12+19:00,7320525472,178. ESS GDL San Andrés,,Guadalajara,America/Chicago,+19:00,01:32:55,01:42:53,01:30:47,Any Activity Type,Running,Uncategorized,Forerunner 645 Music 7.0.0.0,,public,fit,17.8819,11.5487998,05:12,11.81738986,05:05,14.1407999,04:15,34,29,1562.8,1584.8,FALSE,20.664586,-103.304138,20.657461,-103.304912,174,151,981,58,2.8,,166.22,183,112.79,15288,,,,24.15903124,22,27
2021-08-15T09:13:00+19:00,2021-08-15T10:31:32+19:00,7309935267,177. ESS GDL San Juan De Dios,,Guadalajara,America/Chicago,+19:00,00:57:09,01:18:32,00:56:11,Any Activity Type,Running,Uncategorized,Forerunner 645 Music 7.0.0.0,,public,fit,11.46381,12.03479977,04:59,12.24359754,04:54,14.94719982,04:01,38,30,1592.4,1604,FALSE,20.674235,-103.34036,20.675417,-103.338192,,,862,,,,163.58,180,122.73,9586,,,,24.65343934,22,29
2021-08-14T08:07:10+19:00,2021-08-14T10:17:56+19:00,7303822375,"176. ESS GDL Magaña, Medrano, Hormiguero",,Guadalajara,America/Chicago,+19:00,01:41:53,02:10:46,01:40:08,Any Activity Type,Running,Uncategorized,Forerunner 645 Music 7.0.0.0,,public,fit,20.43708,12.03479977,04:59,12.24531482,04:54,14.04000034,04:16,48,26,1583,1596,FALSE,20.650494,-103.309221,20.659197,-103.307694,175,154,1131,59,2.9,,168.78,208,114.87,17006,,,,22.54483906,19,27
2021-08-13T07:53:54+19:00,2021-08-13T09:27:38+19:00,7297757141,"175. ESS GDL Reforma, San Juan de Dios II",,Guadalajara,America/Chicago,+19:00,01:18:10,01:33:44,01:17:48,Any Activity Type,Running,Uncategorized,Forerunner 645 Music 7.0.0.0,,public,fit,16.85226,12.93479977,04:38,12.99649558,04:37,14.7456007,04:04,71,44,1547.6,1564.8,FALSE,20.670725,-103.344031,20.66722,-103.335341,184,167,1076,59,3.6,0.2,171.31,180,121.31,13234,,,,23.70261263,22,28
2021-08-07T08:41:10+19:00,2021-08-07T09:53:12+19:00,7262245267,"174. ESS GDL Magaña, San Antonio",,Guadalajara,America/Chicago,+19:00,01:10:40,01:12:02,01:10:26,Any Activity Type,Running,Uncategorized,Forerunner 645 Music 7.0.0.0,,public,fit,14.94159,12.68639975,04:44,12.72949683,04:43,14.47919941,04:09,29,36,1552.6,1568.8,FALSE,20.656313,-103.318405,20.662383,-103.315172,186,168,1023,59,4,,172.33,182,121.17,12052,,,,24.45092295,21,28
2021-08-06T07:08:10+19:00,2021-08-06T08:30:02+19:00,7256018716,"173. ESS GDL Real, Revolución",,Guadalajara,America/Chicago,+19:00,00:47:14,01:21:52,00:46:52,Any Activity Type,Running,Uncategorized,Forerunner 645 Music 7.0.0.0,,public,fit,9.57955,12.16800041,04:56,12.26361139,04:54,37.82159843,01:35,36,35,1546.6,1557.8,FALSE,20.66525,-103.33314,20.662183,-103.325599,171,147,529,59,2.1,,170.92,200,116.49,7984,,,,20.64449028,19,27
2021-08-05T07:42:22+19:00,2021-08-05T09:24:39+19:00,7250710495,"172. ESS GDL Olímpica, Universitaria",,Guadalajara,America/Chicago,+19:00,01:18:44,01:42:17,01:17:43,Any Activity Type,Running,Uncategorized,Forerunner 645 Music 7.0.0.0,,public,fit,16.36342,12.47039995,04:49,12.63360169,04:45,15.28199959,03:56,72,77,1539.4,1573.6,FALSE,20.656101,-103.318757,20.650831,-103.31555,179,154,916,59,3,,170.3,201,119.43,13256,,,,22.14876719,20,26
2021-08-04T08:19:27+19:00,2021-08-04T09:28:30+19:00,7244915036,171. ESS GDL Los Arrayanes,,Guadalajara,America/Chicago,+19:00,00:55:49,01:09:03,00:55:21,Any Activity Type,Running,Uncategorized,Forerunner 645 Music 7.0.0.0,,public,fit,11.49435,12.35519972,04:51,12.4593543,04:49,15.98759995,03:45,9,6,1560.8,1572,FALSE,20.673706,-103.280911,20.677159,-103.274021,177,155,673,59,2.8,,170.44,180,118.77,9412,,,,23.3467307,21,28
2021-08-03T08:04:42+19:00,2021-08-03T09:31:31+19:00,7238846321,"170. ESS GDL La Penal, San Antonio",,Guadalajara,America/Chicago,+19:00,01:18:10,01:26:49,01:17:18,Any Activity Type,Running,Uncategorized,Forerunner 645 Music 7.0.0.0,,public,fit,15.90597,12.20760012,04:55,12.34557451,04:52,14.91480045,04:01,40,34,1557.4,1569.8,FALSE,20.662371,-103.313113,20.661477,-103.306333,184,152,847,58,2.7,,170.12,187,116.83,13136,,,,22.62580316,21,28
2021-07-31T08:22:52+19:00,2021-07-31T10:01:39+19:00,7221770794,"169. ESS GDL CUCEI, La Loma",,Guadalajara,America/Chicago,+19:00,01:26:00,01:38:47,01:25:13,Any Activity Type,Running,Uncategorized,Forerunner 645 Music 7.0.0.0,,public,fit,18.05665,12.6,04:46,12.71294681,04:43,14.97959919,04:00,51,49,1535.2,1558.6,FALSE,20.65938,-103.324313,20.65544,-103.327358,186,166,1125,58,3.7,0.3,171.95,183,119.35,14586,,,,23.82937159,21,28
2021-07-30T07:16:21+19:00,2021-07-30T08:36:34+19:00,7215551652,168. ESS GDL Oblatos,,Guadalajara,America/Chicago,+19:00,01:09:59,01:20:13,01:09:37,Any Activity Type,Running,Uncategorized,Forerunner 645 Music 7.0.0.0,,public,fit,14.64478,12.5567997,04:47,12.62316008,04:45,15.01560001,04:00,66,64,1544,1565,FALSE,20.668086,-103.332054,20.676654,-103.329116,187,163,908,58,3.2,0.6,170.16,184,118.84,11748,,,,22.48039978,20,27
2021-07-27T08:04:46+19:00,2021-07-27T09:05:51+19:00,7198455079,"167. ESS GDL Beatriz Hernández, Aaron Joaquín",,Guadalajara,America/Chicago,+19:00,00:55:05,01:01:05,00:54:48,Any Activity Type,Running,Uncategorized,Forerunner 645 Music 7.0.0.0,,public,fit,11.32393,12.33360043,04:52,12.39812001,04:50,14.41079922,04:10,28,23,1575.4,1584.6,FALSE,20.679247,-103.283041,20.680071,-103.278297,175,154,654,59,2.7,,169.39,179,119.69,9212,,,,20.97494731,19,26
2021-07-22T07:31:34+19:00,2021-07-22T09:01:47+19:00,7170015287,166. ESS GDL Jardines de La Paz,,Guadalajara,America/Chicago,+19:00,01:24:16,01:30:13,01:24:00,Any Activity Type,Running,Uncategorized,Forerunner 645 Music 7.0.0.0,,public,fit,18.31106,13.03919992,04:36,13.07997769,04:35,17.03159981,03:31,47,55,1545.4,1567.2,FALSE,20.643445,-103.302564,20.650518,-103.301773,192,168,1142,58,3.7,1.7,173.44,192,123.03,14440,,,,22.7633592,20,28
2021-07-20T07:42:28+19:00,2021-07-20T09:05:32+19:00,7158008514,165. ESS GDL Miguel Hidalgo,,Guadalajara,America/Chicago,+19:00,01:11:20,01:23:04,01:10:52,Any Activity Type,Running,Uncategorized,Forerunner 645 Music 7.0.0.0,,public,fit,14.65883,12.32999983,04:52,12.4123967,04:50,16.1567997,03:43,20,18,1558,1568.8,FALSE,20.679239,-103.287738,20.676156,-103.286315,178,160,864,58,3,,171.72,180,117,12066,,,,21.86027353,19,27
2021-07-18T07:59:17+19:00,2021-07-18T11:04:40+19:00,7147608919,"164. ESS GDL Mexicaltzingo, La Moderna",,Guadalajara,America/Chicago,+19:00,01:56:44,03:05:23,01:55:03,Any Activity Type,Running,Uncategorized,Forerunner 645 Music 7.0.0.0,,public,fit,24.19745,12.43799973,04:49,12.61956566,04:45,15.55200062,03:51,71,49,1538.4,1553.8,FALSE,20.665559,-103.35567,20.661864,-103.349226,181,151,1251,58,2.9,0.1,171.39,199,115.24,19648,,,,23.10764632,20,27
2021-07-17T08:08:37+19:00,2021-07-17T09:22:19+19:00,7140902252,163. ESS GDL La Paz,,Guadalajara,America/Chicago,+19:00,00:52:53,01:13:42,00:52:14,Any Activity Type,Running,Uncategorized,Forerunner 645 Music 7.0.0.0,,public,fit,10.77147,12.21840019,04:55,12.3749465,04:51,15.92279949,03:46,19,13,1552.4,1567.6,FALSE,20.650473,-103.310119,20.645598,-103.304711,183,155,637,58,2.6,0.2,169.59,238,113.77,8850,,,,21.92160246,20,26
2021-07-15T07:53:51+19:00,2021-07-15T09:17:31+19:00,7129922892,"162. ESS GDL Lomas de San Eugenio, Beatriz Hernández",,Guadalajara,America/Chicago,+19:00,01:04:49,01:23:40,01:03:32,Any Activity Type,Running,Uncategorized,Forerunner 645 Music 7.0.0.0,,public,fit,13.23666,12.25440016,04:54,12.50150565,04:48,15.18120003,03:57,73,64,1549,1575,FALSE,20.686401,-103.279721,20.685351,-103.283057,178,151,699,58,2.4,,171.06,185,116.37,10960,,,,23.25530143,21,28
2021-07-14T08:00:26+19:00,2021-07-14T09:03:15+19:00,7124340514,161. ESS GDL Villas de Guadalupe,,Guadalajara,America/Chicago,+19:00,00:53:39,01:02:49,00:53:01,Any Activity Type,Running,Uncategorized,Forerunner 645 Music 7.0.0.0,,public,fit,10.35815,11.58479977,05:11,11.72106973,05:07,14.47919941,04:09,158,177,1525.4,1578.2,FALSE,20.687762,-103.278686,20.68699,-103.273391,184,150,587,57,2.5,0.5,167.97,205,111.69,8884,,,,21.86738392,20,26
2021-07-13T08:04:43+19:00,2021-07-13T09:16:00+19:00,7118628356,160. ESS GDL El Bethel,,Guadalajara,America/Chicago,+19:00,00:58:12,01:11:17,00:57:51,Any Activity Type,Running,Uncategorized,Forerunner 645 Music 7.0.0.0,,public,fit,11.61249,11.97359991,05:01,12.04472533,04:59,22.80959988,02:38,105,113,1511.8,1547.2,FALSE,20.693053,-103.274392,20.689061,-103.270344,179,151,636,58,2.4,0.2,169.31,181,113.89,9728,,,,22.11946472,20,28
2021-07-09T07:51:18+19:00,2021-07-09T08:23:10+19:00,7095813937,159. ESS GDL Magaña,,Guadalajara,America/Chicago,+19:00,00:30:14,00:31:52,00:30:02,Any Activity Type,Running,Uncategorized,Forerunner 645 Music 7.0.0.0,,public,fit,6.51,12.92039995,04:39,13.00574432,04:37,15.01560001,04:00,17,20,1555.2,1567.6,FALSE,20.650956,-103.310198,20.65321,-103.312122,,,507,,,,173.69,188,123.98,5276,,,,22.39768242,21,26
2021-07-08T07:50:42+19:00,2021-07-08T09:00:25+19:00,7090750275,158. ESS GDL Heliodoro Hdz Loza,,Guadalajara,America/Chicago,+19:00,01:03:00,01:09:43,01:02:38,Any Activity Type,Running,Uncategorized,Forerunner 645 Music 7.0.0.0,,public,fit,12.00949,11.43720016,05:15,11.50527472,05:13,13.87440033,04:19,211,213,1527,1564.4,FALSE,20.693419,-103.27988,20.692028,-103.275981,189,156,751,57,2.8,0.8,167.38,179,111.62,10414,,,,24.06305066,22,28
2021-07-06T07:32:58+19:00,2021-07-06T09:05:12+19:00,7079532607,157. ESS GDL Balcones de Oblatos,,Guadalajara,America/Chicago,+19:00,01:12:34,01:32:14,01:11:56,Any Activity Type,Running,Uncategorized,Forerunner 645 Music 7.0.0.0,,public,fit,14.51522,12.0024004,05:00,12.10732498,04:57,15.62040081,03:50,75,74,1513.6,1548.4,FALSE,20.689918,-103.287182,20.685641,-103.287781,190,157,842,58,2.6,0.4,168.19,238,115.82,12062,,,,24.17722192,21,28
2021-07-03T07:25:31+19:00,2021-07-03T08:40:48+19:00,7062581332,"156. ESS GDL Lomas del Paradero, Prados del Nilo, SUTAJ",,Guadalajara,America/Chicago,+19:00,01:10:40,01:15:17,01:10:29,Any Activity Type,Running,Uncategorized,Forerunner 645 Music 7.0.0.0,,public,fit,14.51749,12.32640009,04:52,12.35952119,04:51,15.14880066,03:58,36,37,1557.2,1567.6,FALSE,20.650747,-103.310388,20.646278,-103.31526,177,154,812,58,2.6,,173.41,183,116.38,12134,,,,22.07637378,21,28
2021-07-02T07:19:01+19:00,2021-07-02T08:51:58+19:00,7057142635,155. ESS GDL Lomas de Oblatos y San José Río Verde,,Guadalajara,America/Chicago,+19:00,01:19:17,01:32:57,01:18:54,Any Activity Type,Running,Uncategorized,Forerunner 645 Music 7.0.0.0,,public,fit,15.58054,11.79000034,05:05,11.84760619,05:04,14.68080025,04:05,207,191,1488.6,1564.2,FALSE,20.694187,-103.285131,20.689554,-103.27828,197,161,947,58,3,2,168.92,211,113.18,13242,,,,23.38628176,21,29
2021-06-30T07:37:18+19:00,2021-06-30T08:52:48+19:00,7046422604,154. ESS GDL San Isidro,,Guadalajara,America/Chicago,+19:00,01:03:03,01:15:30,01:01:57,Any Activity Type,Running,Uncategorized,Forerunner 645 Music 7.0.0.0,,public,fit,13.18724,12.54960022,04:47,12.77098415,04:42,14.81399918,04:03,61,58,1550.2,1571.8,FALSE,20.682661,-103.296098,20.674692,-103.295542,184,158,767,58,2.9,,171.27,181,120.03,10652,,,,22.74757427,20,28
2021-06-29T08:15:50+19:00,2021-06-29T09:18:23+19:00,7041070410,153. ESS GDL La Penal,,Guadalajara,America/Chicago,+19:00,00:45:17,01:02:33,00:44:50,Any Activity Type,Running,Uncategorized,Forerunner 645 Music 7.0.0.0,,public,fit,9.50991,12.6,04:46,12.7267476,04:43,15.04799938,03:59,31,28,1553.6,1563.4,FALSE,20.674093,-103.313155,20.665494,-103.316067,178,157,550,57,2.8,0.1,171.72,187,118.77,7686,,,,22.00469304,20,26
2021-06-26T07:20:50+19:00,2021-06-26T09:57:47+19:00,7024547224,"152. ESS GDL La Penal, Revolución, Hdez Romo",,Guadalajara,America/Chicago,+19:00,02:03:37,02:36:57,02:02:51,Any Activity Type,Running,Uncategorized,Forerunner 645 Music 7.0.0.0,,public,fit,27.51762,13.35600014,04:30,13.44017107,04:28,16.42680073,03:39,152,132,1580.4,1599.6,FALSE,20.6763,-103.323436,20.673619,-103.314378,202,175,1714,56,5,3.6,175.64,233,124.35,21464,,,,22.79839155,19,28
2021-06-24T07:43:34+19:00,2021-06-24T09:13:03+19:00,7013305200,"151. ESS GDL San José Río Verde, Heliodoro Hernández",,Guadalajara,America/Chicago,+19:00,01:19:45,01:29:29,01:19:09,Any Activity Type,Running,Uncategorized,Forerunner 645 Music 7.0.0.0,,public,fit,15.74484,11.8475996,05:04,11.93513734,05:02,14.30999966,04:12,158,166,1518.2,1558.4,FALSE,20.695518,-103.285451,20.696659,-103.282911,192,160,907,56,3,1.2,169.48,197,114.3,13390,,,,22.60708832,20,26
2021-06-23T07:50:04+19:00,2021-06-23T09:08:02+19:00,7007722081,150. ESS GDL Lomas de Río Verde,,Guadalajara,America/Chicago,+19:00,01:03:55,01:17:58,01:03:10,Any Activity Type,Running,Uncategorized,Forerunner 645 Music 7.0.0.0,,public,fit,12.37947,11.62079973,05:10,11.75877615,05:06,15.72120037,03:49,90,95,1469.8,1535.6,FALSE,20.702611,-103.28366,20.697836,-103.278959,176,152,680,56,2.6,0.3,167.11,192,112.81,10570,,,,23.71080548,22,28
2021-06-22T07:51:19+19:00,2021-06-22T08:52:39+19:00,7001831980,149. ESS GDL Arandas,,Guadalajara,America/Chicago,+19:00,00:53:01,01:01:20,00:52:37,Any Activity Type,Running,Uncategorized,Forerunner 645 Music 7.0.0.0,,public,fit,10.13647,11.46960039,05:14,11.55809272,05:11,14.71319962,04:05,121,135,1505.8,1557.4,FALSE,20.696066,-103.287258,20.687765,-103.289907,192,157,617,56,2.8,0.2,167.48,217,112.01,8778,,,,23.83124075,22,28
2021-06-19T07:58:08+19:00,2021-06-19T10:34:45+19:00,6986024572,"148. ESS GDL Blanco y Cuéllar, Progreso",,Guadalajara,America/Chicago,+19:00,02:12:13,02:36:37,02:10:49,Any Activity Type,Running,Uncategorized,Forerunner 645 Music 7.0.0.0,,public,fit,26.71947,12.12480011,04:57,12.25564314,04:54,15.11639957,03:58,89,58,1534,1557.2,FALSE,20.680396,-103.310949,20.677756,-103.301766,185,160,1481,57,3.4,,171.38,202,113.99,22356,,,,21.92739741,20,29
2021-06-16T07:40:13+19:00,2021-06-16T09:08:08+19:00,6968817566,"147. ESS GDL Río Verde, Tetlán",,Guadalajara,America/Chicago,+19:00,01:09:51,01:27:55,01:08:59,Any Activity Type,Running,Uncategorized,Forerunner 645 Music 7.0.0.0,,public,fit,13.2872,11.41560001,05:15,11.55678372,05:12,15.8543993,03:47,105,103,1504.6,1551.8,FALSE,20.699947,-103.290319,20.697826,-103.289321,182,151,750,56,2.7,,165.91,231,111.58,11428,,,,24.31641562,21,28
2021-06-13T10:28:16+19:00,2021-06-13T11:22:20+19:00,6952612779,146. ESS GDL La Americana VI,,Guadalajara,America/Chicago,+19:00,00:49:09,00:54:04,00:49:00,Any Activity Type,Running,Uncategorized,Forerunner 645 Music 7.0.0.0,,public,fit,10.04451,12.26159964,04:54,12.29814064,04:53,14.58000069,04:07,19,16,1545.4,1556.6,FALSE,20.6741,-103.358506,20.666697,-103.358359,183,160,629,56,3.3,,172.02,213,114.54,8368,,,,25.29751106,24,28
2021-06-12T07:39:00+19:00,2021-06-12T09:35:52+19:00,6945434966,"145. ESS GDL Talpita, Blanco y Cuéllar",,Guadalajara,America/Chicago,+19:00,01:42:32,01:56:52,01:42:15,Any Activity Type,Running,Uncategorized,Forerunner 645 Music 7.0.0.0,,public,fit,21.15359,12.38039961,04:51,12.41251449,04:50,14.58000069,04:07,64,62,1550.8,1567.8,FALSE,20.68533,-103.305291,20.682588,-103.2965,186,161,1209,56,3.4,1.4,171.34,183,118.78,17412,,,,24.48325152,23,29
2021-06-09T07:45:29+19:00,2021-06-09T09:04:33+19:00,6927895586,"144. ESS GDL Colonia Oblatos, Balcones de Oblatos",,Guadalajara,America/Chicago,+19:00,01:03:13,01:19:04,01:02:39,Any Activity Type,Running,Uncategorized,Forerunner 645 Music 7.0.0.0,,public,fit,12.34948,11.72160015,05:07,11.82810736,05:04,14.00760012,04:17,146,121,1494.6,1561,FALSE,20.694076,-103.291737,20.693164,-103.290515,195,155,676,55,2.7,0.8,167.77,183,113.92,10502,,,,25.2059295,23,28
2021-06-08T07:28:32+19:00,2021-06-08T08:37:23+19:00,6921611593,143. ESS GDL Colonia Oblatos II,,Guadalajara,America/Chicago,+19:00,01:00:00,01:08:51,00:59:40,Any Activity Type,Running,Uncategorized,Forerunner 645 Music 7.0.0.0,,public,fit,11.45867,11.45880032,05:14,11.52119477,05:12,13.47120037,04:27,137,156,1533,1582.2,FALSE,20.69882,-103.293209,20.690763,-103.293044,194,159,684,54,3.2,1.2,167.34,182,112.1,9932,,,,25.38161953,23,31
2021-06-06T07:42:18+19:00,2021-06-06T09:52:57+19:00,6910799569,142. ESS GDL Miravalle III,,Guadalajara,America/Chicago,+19:00,01:36:13,02:10:39,01:35:13,Any Activity Type,Running,Uncategorized,Forerunner 645 Music 7.0.0.0,,public,fit,18.89479,11.78280001,05:06,11.90639605,05:02,15.75359974,03:49,125,123,1551.6,1601.8,FALSE,20.613955,-103.350189,20.608701,-103.344865,188,162,1131,55,3.3,1.6,167.41,224,113.94,15954,,,,23.59420153,21,28
2021-06-03T07:55:43+19:00,2021-06-03T08:58:50+19:00,6892538912,141. ESS GDL José Clemente Orozco,,Guadalajara,America/Chicago,+19:00,00:46:53,01:03:07,00:46:04,Any Activity Type,Running,Uncategorized,Forerunner 645 Music 7.0.0.0,,public,fit,8.52065,10.90440016,05:30,11.09796868,05:24,14.24160032,04:13,29,16,1561.4,1579.4,FALSE,20.618162,-103.349091,20.616602,-103.345019,175,148,486,55,2.5,0.1,162.31,235,107.57,7528,,,,22.54266079,20,27
2021-06-02T07:47:54+19:00,2021-06-02T08:57:06+19:00,6886383728,140. ESS GDL Miravalle II,,Guadalajara,America/Chicago,+19:00,00:47:27,01:09:12,00:46:24,Any Activity Type,Running,Uncategorized,Forerunner 645 Music 7.0.0.0,,public,fit,9.32901,11.79719982,05:05,12.0633747,04:58,14.84640026,04:02,48,54,1559.8,1593.8,FALSE,20.619336,-103.352566,20.614849,-103.348342,184,154,522,55,2.9,0.6,165.64,223,113.73,7758,,,,23.36474661,22,30
2021-05-21T07:34:34+19:00,2021-05-21T09:32:16+19:00,6817435324,139. ESS GDL Circunvalación Oblatos,,Guadalajara,America/Chicago,+19:00,01:33:06,01:57:42,01:32:24,Any Activity Type,Running,Uncategorized,Forerunner 645 Music 7.0.0.0,,public,fit,19.52274,12.58199959,04:46,12.67725722,04:44,15.04799938,03:59,95,80,1552.6,1571,FALSE,20.687006,-103.308713,20.684345,-103.299629,186,160,1034,55,3.1,2.1,171.56,248,120.06,15786,,,,23.75528228,20,28
2021-05-20T08:06:48+19:00,2021-05-20T09:12:40+19:00,6812075135,138. ESS GDL Miravalle I,,Guadalajara,America/Chicago,+19:00,00:53:14,01:05:52,00:52:10,Any Activity Type,Running,Uncategorized,Forerunner 645 Music 7.0.0.0,,public,fit,10.33205,11.64599962,05:09,11.88485948,05:03,15.41879997,03:53,97,93,1564.6,1620.4,FALSE,20.618256,-103.358339,20.616935,-103.351905,183,154,563,54,2.8,1.8,165.2,213,114.32,8642,,,,22.10730242,20,27
2021-05-18T07:24:42+19:00,2021-05-18T09:03:45+19:00,6800549235,137. ESS GDL 5 de Mayo,,Guadalajara,America/Chicago,+19:00,01:24:09,01:39:03,01:23:25,Any Activity Type,Running,Uncategorized,Forerunner 645 Music 7.0.0.0,,public,fit,17.08003,12.17879963,04:56,12.28425327,04:53,14.10839968,04:15,56,54,1543.2,1558.8,FALSE,20.625682,-103.357208,20.624444,-103.354182,182,160,881,52,3.2,1.6,170.23,202,116.72,14164,,,,22.08263401,18,28
2021-05-14T08:07:29+19:00,2021-05-14T09:02:09+19:00,6777968998,136. ESS GDL 1ro de Mayo,,Guadalajara,America/Chicago,+19:00,00:44:48,00:54:40,00:44:21,Any Activity Type,Running,Uncategorized,Forerunner 645 Music 7.0.0.0,,public,fit,9.07752,12.15720034,04:56,12.28198954,04:53,14.64479942,04:06,116,117,1573.2,1605,FALSE,20.620199,-103.361695,20.619018,-103.361808,193,165,466,50,4.2,3.5,168.78,179,117.47,7498,,,,23.48112524,21,28
2021-05-12T07:50:38+19:00,2021-05-12T09:09:12+19:00,6766423430,"135. ESS GDL Dr. Valentín G. F., Barrio 5",,Guadalajara,America/Chicago,+19:00,01:01:36,01:18:34,01:00:40,Any Activity Type,Running,Uncategorized,Forerunner 645 Music 7.0.0.0,,public,fit,12.01658,11.70359974,05:08,11.88289748,05:03,14.10839968,04:15,138,135,1569.2,1632.4,FALSE,20.620333,-103.364015,20.617159,-103.365192,194,160,594,49,3.9,3.3,166.17,209,114.36,10140,,,,24.65722513,22,28
2021-04-24T07:30:00+19:00,2021-04-24T10:28:25+19:00,6664245298,134. ESS GDL La Ferrocarril,,Guadalajara,America/Chicago,+19:00,02:18:05,02:58:25,02:17:24,Any Activity Type,Running,Uncategorized,Forerunner 645 Music 7.0.0.0,,public,fit,29.11659,12.65400038,04:44,12.71536676,04:43,16.72919941,03:35,64,57,1537.8,1559.2,FALSE,20.643432,-103.352174,20.64589,-103.352165,,,1904,,,,168.66,220,125.02,23628,,,,23.19107836,19,28
2021-04-23T07:24:02+19:00,2021-04-23T09:26:32+19:00,6657627212,"133. ESS GDL Revolucionaria, Lomas del 4",,Guadalajara,America/Chicago,+19:00,01:22:23,02:02:30,01:21:39,Any Activity Type,Running,Uncategorized,Forerunner 645 Music 7.0.0.0,,public,fit,16.05835,11.69640026,05:08,11.79935572,05:05,31.17240143,01:55,228,236,1600.2,1670.4,FALSE,20.613564,-103.376894,20.611481,-103.376488,,,1030,,,,161.02,198,121.12,13690,,,,21.50790352,19,27
2021-04-22T07:35:30+19:00,2021-04-22T09:02:44+19:00,6651880613,132. ESS GDL Los Colorines,,Guadalajara,America/Chicago,+19:00,01:05:12,01:27:14,01:01:01,Any Activity Type,Running,Uncategorized,Forerunner 645 Music 7.0.0.0,,public,fit,12.07653,11.11319962,05:24,11.87672093,05:03,17.03159981,03:31,229,225,1612,1677.4,FALSE,20.616026,-103.381615,20.611907,-103.381935,,,769,,,,151.62,185,122.77,10266,,,,21.00262647,19,27
2021-04-21T07:38:41+19:00,2021-04-21T09:03:23+19:00,6646215141,"131. ESS GDL 5 de Mayo, Echeverria",,Guadalajara,America/Chicago,+19:00,01:11:48,01:24:42,01:11:06,Any Activity Type,Running,Uncategorized,Forerunner 645 Music 7.0.0.0,,public,fit,15.14915,12.66119986,04:44,12.78436883,04:42,16.3907999,03:40,56,51,1557.6,1578.2,FALSE,20.627544,-103.360773,20.626756,-103.360522,,,981,,,,168.12,190,125.6,12246,,,,20.69322173,17,27
2021-04-20T07:28:10+19:00,2021-04-20T08:43:20+19:00,6639966669,130. ESS GDL Balcones del 4,,Guadalajara,America/Chicago,+19:00,00:53:34,01:15:10,00:52:59,Any Activity Type,Running,Uncategorized,Forerunner 645 Music 7.0.0.0,,public,fit,10.41612,11.66759977,05:09,11.796382,05:05,15.55200062,03:51,201,181,1583,1624.2,FALSE,20.619166,-103.376037,20.617843,-103.375955,,,665,,,,156.62,234,124.16,8682,,,,20.13031178,17,27
2021-04-16T06:44:12+19:00,2021-04-16T09:25:16+19:00,6616539425,"129. ESS GDL El Dean, Nogalera",,Guadalajara,America/Chicago,+19:00,02:08:11,02:41:04,02:07:09,Any Activity Type,Running,Uncategorized,Forerunner 645 Music 7.0.0.0,,public,fit,26.62064,12.45959988,04:49,12.56252883,04:47,16.72919941,03:35,141,79,1535.8,1565.2,FALSE,20.641645,-103.351767,20.639571,-103.35042,,,2053,,,,168.17,195,123.44,21894,,,,20.63154445,18,26
2021-04-15T07:45:22+19:00,2021-04-15T09:32:15+19:00,6611175078,128. ESS GDL Lázaro Cárdenas I,,Guadalajara,America/Chicago,+19:00,01:19:40,01:46:53,01:18:46,Any Activity Type,Running,Uncategorized,Forerunner 645 Music 7.0.0.0,,public,fit,15.64763,11.78280001,05:06,11.91863117,05:02,15.82199993,03:48,239,156,1586,1654,FALSE,20.622358,-103.38104,20.615322,-103.383301,,,1198,,,,162.31,225,121.03,13232,,,,21.84912628,19,27
2021-04-14T07:27:52+19:00,2021-04-14T09:37:42+19:00,6605554464,"127. ESS GDL El Manantial, Las Juntas",,Guadalajara,America/Chicago,+19:00,01:44:36,02:09:50,01:43:22,Any Activity Type,Running,Uncategorized,Forerunner 645 Music 7.0.0.0,,public,fit,22.78694,13.07160015,04:35,13.22694681,04:32,18.67680073,03:13,141,85,1551.6,1591.6,FALSE,20.622165,-103.346784,20.61986,-103.341362,,,1749,,,,170.89,200,127.37,18136,,,,21.16966121,18,27
2021-04-13T07:25:25+19:00,2021-04-13T09:38:33+19:00,6599634135,126. ESS GDL Arboledas del Sur 1,,Guadalajara,America/Chicago,+19:00,01:32:31,02:13:08,01:28:39,Any Activity Type,Running,Uncategorized,Forerunner 645 Music 7.0.0.0,,public,fit,16.90117,10.96200027,05:28,11.43848797,05:15,16.4592001,03:39,269,243,1570.4,1717.2,FALSE,20.620471,-103.38956,20.613587,-103.395487,,,1283,,,,152.09,191,120.54,14756,,,,21.38428329,17,27
2021-04-11T09:19:58+19:00,2021-04-11T10:53:33+19:00,6589638974,125. ESS GDL Americana IV,,Guadalajara,America/Chicago,+19:00,00:59:48,01:33:35,00:59:16,Any Activity Type,Running,Uncategorized,Forerunner 645 Music 7.0.0.0,,public,fit,9.5393,9.572399712,06:16,9.656747302,06:13,12.49559984,04:48,66,16,1547.8,1586.2,FALSE,20.673813,-103.364679,20.672536,-103.364553,,,726,,,,156.14,218,102.16,9572,,,,26.06549449,23,30
2021-04-10T07:42:30+19:00,2021-04-10T10:26:21+19:00,6583056657,"124. ESS GDL San Juan Bosco, Santa María, Mirador",,Guadalajara,America/Chicago,+19:00,02:05:41,02:43:51,02:04:54,Any Activity Type,Running,Uncategorized,Forerunner 645 Music 7.0.0.0,,public,fit,27.06927,12.92399969,04:39,13.00401314,04:37,24.75719948,02:25,121,103,1534.8,1562.6,FALSE,20.676528,-103.320241,20.675595,-103.313864,185,161,1533,59,3.2,0.7,174.05,256,120.84,21660,,,,22.13876453,19,26
2021-04-09T07:52:15+19:00,2021-04-09T08:55:03+19:00,6576478439,"123. ESS GDL Polanco, Polanquito, Fco. Villa",,Guadalajara,America/Chicago,+19:00,00:47:52,01:02:48,00:47:32,Any Activity Type,Running,Uncategorized,Forerunner 645 Music 7.0.0.0,,public,fit,10.66204,13.36319962,04:29,13.45615441,04:28,16.89479942,03:33,174,176,1570.8,1611.4,FALSE,20.617697,-103.373145,20.61736,-103.372067,197,168,671,59,3.2,3.2,173.77,247,125.82,8238,,,,21.83464494,19,26
2021-04-08T07:22:03+19:00,2021-04-08T09:22:41+19:00,6571081008,"122. ESS GDL Belisario Dominguez, Oblatos y varias",,Guadalajara,America/Chicago,+19:00,01:38:41,02:00:38,01:37:45,Any Activity Type,Running,Uncategorized,Forerunner 645 Music 7.0.0.0,,public,fit,20.42807,12.42000017,04:50,12.53981351,04:47,15.21720085,03:57,146,99,1531.6,1565,FALSE,20.677919,-103.328551,20.677479,-103.32054,181,154,1113,59,2.9,0.4,171.7,256,115.97,16614,,,,22.11505068,20,27
2021-04-07T07:44:27+19:00,2021-04-07T09:07:22+19:00,6565437835,"121. ESS GDL Echeverría, López Portillo",,Guadalajara,America/Chicago,+19:00,01:10:56,01:22:55,01:10:06,Any Activity Type,Running,Uncategorized,Forerunner 645 Music 7.0.0.0,,public,fit,14.59999,12.35159998,04:51,12.49616092,04:48,16.1567997,03:43,68,61,1552.8,1578.8,FALSE,20.623828,-103.370584,20.625268,-103.370445,181,153,820,59,2.8,0.2,172.47,256,117.06,12102,,,,20.90336541,18,28
2021-04-02T09:03:56+19:00,2021-04-02T09:57:54+19:00,6536993546,120. ESS GDL Echeverría,,Guadalajara,America/Chicago,+19:00,00:50:00,00:53:58,00:49:37,Any Activity Type,Running,Uncategorized,Forerunner 645 Music 7.0.0.0,,public,fit,10.36604,12.43799973,04:49,12.53557122,04:47,15.28199959,03:56,25,14,1567.4,1578.2,FALSE,20.628915,-103.368306,20.628453,-103.367578,170,149,561,61,2.5,,171.28,183,119.02,8494,,,,22.22822824,20,27
2021-04-01T08:48:35+19:00,2021-04-01T10:57:20+19:00,6531448701,"119. ESS GDL El Rastro, Zona Industrial Sur",,Guadalajara,America/Chicago,+19:00,01:37:34,02:08:45,01:36:36,Any Activity Type,Running,Uncategorized,Forerunner 645 Music 7.0.0.0,,public,fit,19.75249,12.14640026,04:56,12.26849621,04:53,16.18920078,03:42,79,68,1551,1576,FALSE,20.62875,-103.36023,20.624586,-103.351765,193,153,1071,59,2.8,0.7,168.94,211,117.19,15938,,,,23.87773747,21,28
2021-03-30T08:39:26+19:00,2021-03-30T10:00:03+19:00,6519012270,"118. ESS GDL El Carmen, Emiliano Zapata",,Guadalajara,America/Chicago,+19:00,01:12:04,01:20:37,01:11:25,Any Activity Type,Running,Uncategorized,Forerunner 645 Music 7.0.0.0,,public,fit,14.2928,11.89800024,05:03,12.00855846,05:00,14.4432003,04:09,234,207,1578.6,1620.6,FALSE,20.624959,-103.385273,20.621772,-103.387168,185,153,814,59,2.8,0.1,168.55,189,116.06,12046,,,,22.63260882,20,27
2021-03-27T07:34:50+19:00,2021-03-27T12:02:07+19:00,6501950793,117. ESS GDL Morelos y 8 de julio,,Guadalajara,America/Chicago,+19:00,03:27:26,04:27:17,03:23:13,Any Activity Type,Running,Uncategorized,Forerunner 645 Music 7.0.0.0,,public,fit,41.08033,11.88360043,05:03,12.12888401,04:57,16.93080025,03:33,220,110,1533.2,1577,FALSE,20.651416,-103.365832,20.64817,-103.35696,186,152,2207,60,3.6,,168.72,256,114.75,32358,,,,21.52396827,16,28
2021-03-25T08:28:10+19:00,2021-03-25T10:00:24+19:00,6489886292,"116. ESS GDL Lomas de Polanco, Echeverría",,Guadalajara,America/Chicago,+19:00,01:19:45,01:32:14,01:19:18,Any Activity Type,Running,Uncategorized,Forerunner 645 Music 7.0.0.0,,public,fit,16.31382,12.27600031,04:53,12.34405204,04:52,15.68519955,03:50,63,33,1546.8,1564.8,FALSE,20.632876,-103.36597,20.633871,-103.365872,175,146,814,60,2.6,,170.66,186,116.93,13452,,,,19.95873833,17,26
2021-03-24T08:26:25+19:00,2021-03-24T10:00:15+19:00,6484192105,115. ESS GDL Dr. Valentín Gómez Farias,,Guadalajara,America/Chicago,+19:00,01:22:41,01:33:50,01:21:58,Any Activity Type,Running,Uncategorized,Forerunner 645 Music 7.0.0.0,,public,fit,17.01647,12.34800024,04:52,12.45583812,04:49,15.92279949,03:46,122,108,1539.2,1566,FALSE,20.625518,-103.384497,20.624451,-103.382178,182,152,924,60,2.7,0.5,169.95,256,118.31,13884,,,,20.64665323,17,26
2021-03-18T07:37:03+19:00,2021-03-18T08:57:46+19:00,6450137098,"114. ESS GDL El Sauz, Loma Bonita",,Tlaquepaque,America/Chicago,+19:00,01:11:44,01:20:43,01:10:46,Any Activity Type,Running,Uncategorized,Forerunner 645 Music 7.0.0.0,,public,fit,14.6095,12.21840019,04:55,12.38548641,04:51,15.51959953,03:52,79,46,1598,1624,FALSE,20.628359,-103.398605,20.627027,-103.3949,173,149,765,61,2.5,,171.2,184,116.03,10614,,,,18.53534723,16,26
2021-03-17T07:40:57+19:00,2021-03-17T10:04:08+19:00,6444987678,"113. ESS GDL López Portillo, Lomas de Polanco",,Guadalajara,America/Chicago,+19:00,02:01:36,02:23:11,02:00:54,Any Activity Type,Running,Uncategorized,Forerunner 645 Music 7.0.0.0,,public,fit,24.82987,12.25080042,04:54,12.32284863,04:52,23.98320065,02:30,163,72,1558.8,1593.2,FALSE,20.631723,-103.380815,20.629934,-103.379159,186,153,1351,60,3.1,0.3,171.75,233,116.55,20716,,,,19.74316232,15,26
2021-03-16T08:14:02+19:00,2021-03-16T10:03:20+19:00,6439343727,"112. ESS GDL Jardines de San José, Villa Guerrero.",,Guadalajara,America/Chicago,+19:00,01:39:38,01:49:18,01:39:09,Any Activity Type,Running,Uncategorized,Forerunner 645 Music 7.0.0.0,,public,fit,20.19346,12.16080008,04:56,12.22092391,04:55,14.87879963,04:02,95,82,1563.8,1588.6,FALSE,20.634364,-103.391851,20.63225,-103.383257,178,152,1071,60,2.9,,170.95,218,115.41,15970,,,,20.23582731,17,26
2021-03-13T06:57:24+18:00,2021-03-13T10:30:49+18:00,6423379294,111. ESS GDL Del Fresno II,,Guadalajara,America/Chicago,+18:00,02:56:22,03:33:25,02:55:16,Any Activity Type,Running,Uncategorized,Forerunner 645 Music 7.0.0.0,,public,fit,36.59056,12.4487998,04:49,12.52666369,04:47,16.59240074,03:37,204,112,1548.8,1591.4,FALSE,20.655227,-103.375278,20.661775,-103.37231,182,155,1973,61,3.5,,171.62,256,118.36,28786,,,,22.71903673,18,29
2021-03-12T07:29:53+18:00,2021-03-12T08:44:55+18:00,6417132076,110. ESS GDL Lomas de Polanco I,,Guadalajara,America/Chicago,+18:00,01:12:14,01:15:02,01:11:59,Any Activity Type,Running,Uncategorized,Forerunner 645 Music 7.0.0.0,,public,fit,15.32472,12.72960005,04:43,12.7742102,04:42,15.01560001,04:00,30,32,1558.2,1579,FALSE,20.634077,-103.379031,20.631464,-103.379235,177,157,921,60,3.3,,173.7,187,119.05,12404,,,,20.65355133,18,26
2021-03-10T07:32:20+18:00,2021-03-10T08:25:06+18:00,6406722789,109. ESS GDL Jardines de la Barranca,,Guadalajara,America/Chicago,+18:00,00:42:06,00:52:46,00:41:47,Any Activity Type,Running,Uncategorized,Forerunner 645 Music 7.0.0.0,,public,fit,8.48695,12.09599962,04:58,12.18862558,04:55,14.7456007,04:04,89,54,1513.2,1537.4,FALSE,20.695844,-103.272935,20.699055,-103.276544,172,143,447,61,2,,168.75,198,116.42,7018,,,,20.27915862,18,28
2021-03-09T07:25:14+18:00,2021-03-09T08:25:54+18:00,6400978086,"108. ESS GDL Jardines del Sur, Villa V. Guerrero",,Tlaquepaque,America/Chicago,+18:00,00:59:13,01:00:40,00:59:08,Any Activity Type,Running,Uncategorized,Forerunner 645 Music 7.0.0.0,,public,fit,12.33152,12.49559984,04:48,12.51336304,04:48,14.68080025,04:05,42,41,1571.6,1601.4,FALSE,20.635808,-103.395854,20.628644,-103.397343,180,153,713,60,2.8,,170.66,191,119.85,10008,,,,20.08847438,18,26
2021-03-05T06:52:42+18:00,2021-03-05T08:36:07+18:00,6377822373,107. ESS GDL 18 de marzo,,Guadalajara,America/Chicago,+18:00,01:27:23,01:43:25,01:25:48,Any Activity Type,Running,Uncategorized,Forerunner 645 Music 7.0.0.0,,public,fit,18.03973,12.38759995,04:51,12.61470118,04:45,16.49159946,03:38,127,67,1567.2,1608.2,FALSE,20.639465,-103.381138,20.63699,-103.373248,178,153,985,60,2.8,,169.48,193,119.43,14660,,,,20.50097288,17,27
2021-03-04T07:20:15+18:00,2021-03-04T09:05:54+18:00,6372698384,106. ESS GDL Jardines de la Cruz III,,Guadalajara,America/Chicago,+18:00,01:41:10,01:45:39,01:40:31,Any Activity Type,Running,Uncategorized,Forerunner 645 Music 7.0.0.0,,public,fit,21.45993,12.72600031,04:43,12.80924087,04:41,15.14880066,03:58,127,101,1567,1599,FALSE,20.638822,-103.391783,20.636574,-103.382559,179,158,1221,60,3.1,,172.08,183,121.18,17252,,,,20.99734495,18,27
2021-03-03T07:13:34+18:00,2021-03-03T09:14:14+18:00,6367095418,105. ESS GDL Santa Cecilia II,,Guadalajara,America/Chicago,+18:00,01:45:48,02:00:40,01:44:07,Any Activity Type,Running,Uncategorized,Forerunner 645 Music 7.0.0.0,,public,fit,21.29941,12.07800007,04:58,12.27470363,04:53,15.11639957,03:58,307,258,1512,1577.6,FALSE,20.700583,-103.289478,20.703725,-103.2847,194,156,1201,60,3,0.8,169.61,230,116.13,16176,,,,21.21740441,18,28
2021-03-02T07:50:19+18:00,2021-03-02T08:51:36+18:00,6362575083,104. ESS GDL Jardines de la Cruz II,,Guadalajara,America/Chicago,+18:00,00:59:37,01:01:17,00:59:19,Any Activity Type,Running,Uncategorized,Forerunner 645 Music 7.0.0.0,,public,fit,12.69278,12.77280035,04:42,12.84008464,04:40,14.68080025,04:05,43,46,1572.8,1601.8,FALSE,20.640527,-103.39029,20.638959,-103.380797,182,154,724,60,2.9,,172.86,256,122.16,10226,,,,20.80190317,19,26
2021-02-26T07:03:15+18:00,2021-02-26T09:03:36+18:00,6337542876,103. ESS GDL La Moderna,,Guadalajara,America/Chicago,+18:00,01:43:11,02:00:21,01:42:45,Any Activity Type,Running,Uncategorized,Forerunner 645 Music 7.0.0.0,,public,fit,17.15025,9.971999931,06:01,10.01534076,05:59,12.83039961,04:41,78,53,1538.4,1571.6,FALSE,20.666386,-103.368516,20.665563,-103.365362,161,131,871,,2.4,,162.67,240,100.45,16606,,,,19.84018987,16,25
2021-02-25T07:34:45+18:00,2021-02-25T09:18:36+18:00,6332135327,102. ESS GDL Santa Cecilia y San Miguel Huentitán,,Guadalajara,America/Chicago,+18:00,01:34:58,01:43:51,01:34:32,Any Activity Type,Running,Uncategorized,Forerunner 645 Music 7.0.0.0,,public,fit,19.62854,12.40199976,04:50,12.45771978,04:49,14.61240005,04:06,297,271,1528.2,1581.6,FALSE,20.698698,-103.293963,20.699492,-103.293556,194,158,1144,60,3,0.9,171.8,205,118,16106,,,,20.2322461,18,26
2021-02-24T07:28:59+18:00,2021-02-24T08:59:31+18:00,6326205893,101. ESS GDL Margarita Maza y La Joya,,Guadalajara,America/Chicago,+18:00,01:22:43,01:30:32,01:21:59,Any Activity Type,Running,Uncategorized,Forerunner 645 Music 7.0.0.0,,public,fit,16.66791,12.09239988,04:58,12.19915844,04:55,15.82199993,03:48,94,69,1542.8,1579,FALSE,20.710115,-103.306718,20.70819,-103.300798,182,153,941,60,2.8,0.2,169.64,190,117.64,13610,,,,20.32182808,19,28
2021-02-20T07:06:27+18:00,2021-02-20T09:13:06+18:00,6302745250,100. ESS GDL La Perla,,Guadalajara,America/Chicago,+18:00,01:55:13,02:06:39,01:53:49,Any Activity Type,Running,Uncategorized,Forerunner 645 Music 7.0.0.0,,public,fit,23.49031,12.23280001,04:54,12.38294582,04:51,14.64479942,04:06,171,124,1540.4,1579.2,FALSE,20.678234,-103.340052,20.677813,-103.331659,183,154,1266,60,3.1,,170.42,212,116.13,18184,,,,17.51053408,15,23
2021-02-19T07:45:46+18:00,2021-02-19T08:42:20+18:00,6296758966,99. ESS GDL La Joyita y San Miguel Huentitán,,Guadalajara,America/Chicago,+18:00,00:46:44,00:56:34,00:44:35,Any Activity Type,Running,Uncategorized,Forerunner 645 Music 7.0.0.0,,public,fit,8.92183,11.45519972,05:14,12.00680972,05:00,14.27760029,04:12,58,26,1540,1579.8,FALSE,20.715614,-103.297946,20.715327,-103.296644,173,148,521,60,2.4,,164.94,250,113.83,6934,,,,18.1830842,15,25
2021-02-18T07:32:58+18:00,2021-02-18T08:34:30+18:00,6291678814,98. ESS GDL El Fresno I,,Guadalajara,America/Chicago,+18:00,00:59:24,01:01:32,00:59:06,Any Activity Type,Running,Uncategorized,Forerunner 645 Music 7.0.0.0,,public,fit,12.33537,12.45959988,04:49,12.52179891,04:47,15.41879997,03:53,38,42,1586.6,1607,FALSE,20.658401,-103.381113,20.658603,-103.380426,172,153,719,60,2.9,,173.95,182,117.13,8534,,,,16.84188053,15,24
2021-02-17T07:11:25+18:00,2021-02-17T09:36:36+18:00,6286768827,97. ESS GDL Colonia Oblatos,,Guadalajara,America/Chicago,+18:00,02:03:15,02:25:11,02:02:04,Any Activity Type,Running,Uncategorized,Forerunner 645 Music 7.0.0.0,,public,fit,25.98744,12.65039978,04:45,12.77330052,04:42,16.1567997,03:43,125,106,1539.8,1581.2,FALSE,20.691576,-103.30904,20.689857,-103.299677,183,157,1434,60,3.2,1,172.62,256,120.84,21042,,,,14.99889386,13,24
2021-02-16T07:13:15+18:00,2021-02-16T08:23:57+18:00,6281127122,96. ESS GDL Dr. Atl,,Guadalajara,America/Chicago,+18:00,00:50:35,01:10:42,00:50:06,Any Activity Type,Running,Uncategorized,Forerunner 645 Music 7.0.0.0,,public,fit,9.48021,11.24640026,05:20,11.35368456,05:17,15.14880066,03:58,126,113,1509.4,1560.2,FALSE,20.723799,-103.292587,20.719481,-103.294839,188,147,559,60,2.4,0.4,165.61,224,109.98,6972,,,,15.69033843,13,26
2021-02-13T07:37:45+18:00,2021-02-13T08:38:17+18:00,6265557613,95. ESS GDL Lomas Independencia,,Guadalajara,America/Chicago,+18:00,00:49:30,01:00:32,00:49:02,Any Activity Type,Running,Uncategorized,Forerunner 645 Music 7.0.0.0,,public,fit,10.20653,12.36960039,04:51,12.48929605,04:48,14.68080025,04:05,75,48,1526.6,1554.2,FALSE,20.692516,-103.323636,20.690254,-103.322905,177,152,593,60,2.5,,169.97,197,118.72,7470,,,,16.72339625,15,24
2021-02-12T07:31:10+18:00,2021-02-12T09:06:57+18:00,6260402682,94. ESS GDL Postes Cuates,,Guadalajara,America/Chicago,+18:00,01:28:50,01:35:47,01:28:16,Any Activity Type,Running,Uncategorized,Forerunner 645 Music 7.0.0.0,,public,fit,18.7124,12.6395997,04:45,12.72030831,04:43,14.58000069,04:07,109,82,1550.4,1580.8,FALSE,20.693569,-103.323158,20.685893,-103.318163,177,158,1086,60,2.9,,170.66,223,121.57,14978,,,,17.23991245,15,25
2021-02-11T07:19:34+18:00,2021-02-11T08:32:47+18:00,6255399096,93. ESS GDL Americana III,,Guadalajara,America/Chicago,+18:00,01:09:04,01:13:13,01:08:25,Any Activity Type,Running,Uncategorized,Forerunner 645 Music 7.0.0.0,,public,fit,11.32289,9.838800144,06:06,9.929547935,06:03,12.69719982,04:44,57,51,1543.4,1572.4,FALSE,20.675926,-103.368448,20.673047,-103.367738,146,126,576,,2,,163.77,178,98.53,11246,,,,17.2097702,15,24
2021-02-10T07:22:43+18:00,2021-02-10T09:03:39+18:00,6250382346,92. ESS GDL Oblatos y Guadalajara Ote.,,Guadalajara,America/Chicago,+18:00,01:29:07,01:40:56,01:28:28,Any Activity Type,Running,Uncategorized,Forerunner 645 Music 7.0.0.0,,public,fit,19.55393,13.16520023,04:33,13.26218393,04:31,15.68519955,03:50,93,59,1564.2,1590.6,FALSE,20.700744,-103.303459,20.703975,-103.298528,184,161,1179,60,3.4,0.9,175.22,217,123.04,15478,,,,17.82692148,15,26
2021-02-09T07:36:07+18:00,2021-02-09T08:43:51+18:00,6245084586,91. ESS GDL Colinas de Huentitán,,Guadalajara,America/Chicago,+18:00,00:53:42,01:07:44,00:51:48,Any Activity Type,Running,Uncategorized,Forerunner 645 Music 7.0.0.0,,public,fit,10.09741,11.28240023,05:19,11.69645149,05:08,15.08040047,03:59,94,67,1523.4,1556.2,FALSE,20.72029,-103.299567,20.724441,-103.298023,174,146,579,60,2.2,0.1,161.09,221,113.38,8430,,,,18.11057995,16,27
2021-02-06T06:47:31+18:00,2021-02-06T08:50:26+18:00,6240623369,90. ESS GDL Colón Industrial y Del Sur,,Guadalajara,America/Chicago,+18:00,01:46:02,02:02:55,01:45:27,Any Activity Type,Running,Uncategorized,Forerunner 645 Music 7.0.0.0,,public,fit,22.28265,12.61080008,04:45,12.67923348,04:44,15.62040081,03:50,126,79,1540.4,1579,FALSE,20.644184,-103.370974,20.639079,-103.37505,179,153,1238,61,3,0.2,172.02,219,119.65,18120,,,,17.32090691,15,26
2021-02-05T06:59:51+18:00,2021-02-05T08:18:58+18:00,6223725484,89. ESS GDL Americana II,,Guadalajara,America/Chicago,+18:00,01:04:35,01:19:07,01:03:44,Any Activity Type,Running,Uncategorized,Forerunner 645 Music 7.0.0.0,,public,fit,10.49729,9.752400398,06:09,9.88238602,06:04,12.59640026,04:46,36,18,1558,1578.6,FALSE,20.676904,-103.367261,20.676181,-103.365087,147,126,545,,2,,161.92,226,96.58,10300,,,,18.84468618,17,25
2021-02-04T07:18:06+18:00,2021-02-04T08:59:39+18:00,6218483977,"88. ESS GDL Santa Rosa, Oblatos Pte",,Guadalajara,America/Chicago,+18:00,01:34:53,01:41:33,01:34:36,Any Activity Type,Running,Uncategorized,Forerunner 645 Music 7.0.0.0,,public,fit,19.84742,12.54960022,04:47,12.58832213,04:46,14.94719982,04:01,109,115,1549.2,1586,FALSE,20.70244,-103.309408,20.699557,-103.3105,177,156,1127,60,2.9,,172.69,185,119.33,16266,,,,19.53440504,16,27
2021-02-03T07:20:46+18:00,2021-02-03T09:05:23+18:00,6213074605,87. ESS GDL Circunvalación Belisario,,Guadalajara,America/Chicago,+18:00,01:28:45,01:44:37,01:27:49,Any Activity Type,Running,Uncategorized,Forerunner 645 Music 7.0.0.0,,public,fit,18.45397,12.47399969,04:49,12.60917143,04:46,15.72120037,03:49,137,96,1512.4,1545,FALSE,20.693613,-103.320961,20.695622,-103.322034,183,152,1001,60,2.7,0.2,169.66,241,119.37,14140,,,,19.77666919,17,27
2021-01-31T06:41:37+18:00,2021-01-31T10:15:13+18:00,6198015012,86. ESS GDL Zona Industrial,,Guadalajara,America/Chicago,+18:00,03:00:17,03:33:36,02:59:18,Any Activity Type,Running,Uncategorized,Forerunner 645 Music 7.0.0.0,,public,fit,38.5907,12.84480028,04:40,12.91401603,04:39,16.49159946,03:38,163,135,1529.6,1575.2,FALSE,20.644524,-103.371239,20.649658,-103.366499,186,155,2085,60,3.5,0.5,175.94,256,119.53,24122,,,,18.42724018,15,26
2021-01-29T07:22:31+18:00,2021-01-29T08:50:48+18:00,6185764650,85. ESS GDL Las Torres y Del Sur,,Guadalajara,America/Chicago,+18:00,01:15:10,01:28:17,01:14:33,Any Activity Type,Running,Uncategorized,Forerunner 645 Music 7.0.0.0,,public,fit,15.62899,12.47399969,04:49,12.57881603,04:46,14.81399918,04:03,99,51,1550.8,1584.4,FALSE,20.652882,-103.372517,20.656372,-103.380376,,,1203,,,,167.73,183,123.84,12804,,,,17.75622571,16,26
2021-01-27T07:03:18+18:00,2021-01-27T08:41:31+18:00,6175696422,84. ESS GDL Huentitán El Alto y El Verde,,Guadalajara,America/Chicago,+18:00,01:20:50,01:38:13,01:20:21,Any Activity Type,Running,Uncategorized,Forerunner 645 Music 7.0.0.0,,public,fit,16.73508,12.42000017,04:50,12.49653614,04:48,18.44280052,03:15,126,73,1516.6,1558.6,FALSE,20.723145,-103.316205,20.722392,-103.308217,,,1294,,,,167.19,198,123.56,13748,,,,15.58602809,14,25
2021-01-24T07:38:28+18:00,2021-01-24T09:53:14+18:00,6160657494,83. ESS GDL Centro Barranquitas y El Retiro,,Guadalajara,America/Chicago,+18:00,01:51:19,02:14:46,01:50:44,Any Activity Type,Running,Uncategorized,Forerunner 645 Music 7.0.0.0,,public,fit,18.33641,9.881999588,06:04,9.934800489,06:02,13.13280001,04:34,168,100,1505,1542.2,FALSE,20.68461,-103.345504,20.68427,-103.337075,,,1410,,,,161.11,179,102.26,18104,,,,20.17206693,17,26
2021-01-23T06:59:04+18:00,2021-01-23T09:15:53+18:00,6154342825,"82. ESS GDL Colón, J. De La Cruz, L. De Legaspi",,Guadalajara,America/Chicago,+18:00,01:53:54,02:16:49,01:53:01,Any Activity Type,Running,Uncategorized,Forerunner 645 Music 7.0.0.0,,public,fit,24.0093,12.64680004,04:45,12.74562432,04:42,16.02360077,03:45,147,88,1561.8,1591.8,FALSE,20.647364,-103.369353,20.640346,-103.375381,182,156,1274,59,3,0.1,172.94,233,119.45,19506,,,,18.45842588,16,26
2021-01-22T07:03:13+18:00,2021-01-22T09:03:54+18:00,6148738742,81. ESS GDL Huentitán El Bajo y Panorámica de Huentitán,,Guadalajara,America/Chicago,+18:00,01:37:47,02:00:41,01:36:47,Any Activity Type,Running,Uncategorized,Forerunner 645 Music 7.0.0.0,,public,fit,19.04272,11.68560019,05:08,11.80547559,05:05,16.4592001,03:39,273,188,1464,1522.4,FALSE,20.739005,-103.311431,20.737905,-103.311613,181,151,1047,59,2.7,0.4,167.42,256,112.48,15858,,,,19.02650704,17,26
2021-01-21T06:44:30+18:00,2021-01-21T08:23:18+18:00,6143536190,80. ESS GDL Americana y Obrera,,Guadalajara,America/Chicago,+18:00,01:27:11,01:38:48,01:26:42,Any Activity Type,Running,Uncategorized,Forerunner 645 Music 7.0.0.0,,public,fit,14.01383,9.644399643,06:13,9.698890662,06:11,11.55600014,05:12,71,56,1556,1578,FALSE,20.675708,-103.373616,20.67524,-103.372819,144,127,728,,2.2,,161.95,256,97.16,13868,,,,19.14039587,18,25
2021-01-20T07:22:22+18:00,2021-01-20T09:38:40+18:00,6138667103,79. ESS GDL Huentitán El Bajo,,Guadalajara,America/Chicago,+18:00,01:54:43,02:16:18,01:54:07,Any Activity Type,Running,Uncategorized,Forerunner 645 Music 7.0.0.0,,public,fit,22.42224,11.72519989,05:07,11.78896783,05:05,14.94719982,04:01,364,316,1455.4,1529.2,FALSE,20.735303,-103.320567,20.734288,-103.314653,190,155,1271,59,3,1.3,169.06,256,113.12,18996,,,,19.86095233,17,28
2021-01-19T07:30:28+18:00,2021-01-19T09:15:56+18:00,6133225756,78. ESS GDL Lomas del Paraíso IV,,Guadalajara,America/Chicago,+18:00,01:17:57,01:45:28,01:16:17,Any Activity Type,Running,Uncategorized,Forerunner 645 Music 7.0.0.0,,public,fit,13.90462,10.70280018,05:36,10.93677449,05:29,13.63680038,04:24,182,156,1454,1529.6,FALSE,20.732548,-103.326875,20.733258,-103.31905,185,148,816,59,2.5,0.4,166.23,256,105.2,12534,,,,18.93483649,16,25
2021-01-17T08:25:29+18:00,2021-01-17T11:33:34+18:00,6124026637,"77. ESS GDL La Federacha, San Vicente, San Marcos",,Guadalajara,America/Chicago,+18:00,02:23:34,03:08:05,02:22:24,Any Activity Type,Running,Uncategorized,Forerunner 645 Music 7.0.0.0,,public,fit,29.34327,12.26159964,04:54,12.3636185,04:51,14.71319962,04:05,234,145,1540.2,1587,FALSE,20.711434,-103.306422,20.702861,-103.309218,186,157,1719,59,3.4,0.6,172.12,240,116.72,24418,,,,20.65274259,17,27
2021-01-16T07:40:51+18:00,2021-01-16T09:09:19+18:00,6116810681,76. ESS GDL Lomas del Paraíso III,,Guadalajara,America/Chicago,+18:00,01:14:17,01:28:28,01:12:44,Any Activity Type,Running,Uncategorized,Forerunner 645 Music 7.0.0.0,,public,fit,13.40033,10.82160015,05:33,11.05529098,05:26,13.63680038,04:24,252,199,1442.4,1518.2,FALSE,20.729205,-103.32733,20.729877,-103.328206,186,149,796,59,2.5,0.5,162.83,256,107.07,11772,,,,18.70684987,17,26
2021-01-14T06:48:31+18:00,2021-01-14T08:12:37+18:00,6106003909,75. ESS GDL Americana y Centro,,Guadalajara,America/Chicago,+18:00,01:18:45,01:24:06,01:17:49,Any Activity Type,Running,Uncategorized,Forerunner 645 Music 7.0.0.0,,public,fit,12.31991,9.385200405,06:24,9.498511817,06:19,11.35440016,05:17,48,49,1536,1566.8,FALSE,20.67816,-103.373504,20.677398,-103.370513,,,968,,,,160.23,243,97.64,12702,,,,21.08463315,19,27
2021-01-13T06:52:40+18:00,2021-01-13T08:44:20+18:00,6100976731,74. ESS GDL Jardines de la Cruz I,,Guadalajara,America/Chicago,+18:00,01:43:09,01:51:40,01:42:39,Any Activity Type,Running,Uncategorized,Forerunner 645 Music 7.0.0.0,,public,fit,22.03856,12.81960039,04:41,12.8819661,04:39,14.54399986,04:08,134,74,1564.8,1588.8,FALSE,20.645979,-103.387226,20.645481,-103.386096,177,156,1208,60,3.1,,173.42,185,121.06,17668,,,,16.76167398,15,27
2021-01-12T07:39:17+18:00,2021-01-12T08:43:38+18:00,6095602586,73. ESS GDL Lomas del Paraíso II,,Guadalajara,America/Chicago,+18:00,00:59:29,01:04:21,00:59:12,Any Activity Type,Running,Uncategorized,Forerunner 645 Music 7.0.0.0,,public,fit,11.63766,11.73599997,05:07,11.79562653,05:05,14.2092001,04:13,174,170,1476.8,1549.2,FALSE,20.7235,-103.323087,20.724458,-103.316198,185,155,729,59,2.9,0.1,169,256,114.27,9894,,,,17.42713904,15,26
2021-01-11T18:16:53+18:00,2021-01-11T18:52:46+18:00,6093220814,72. ESS GDL Sta. Eduwiges,,Guadalajara,America/Chicago,+18:00,00:33:54,00:35:53,00:33:42,Any Activity Type,Running,Uncategorized,Forerunner 645 Music 7.0.0.0,,public,fit,7.00179,12.39119968,04:51,12.46455394,04:49,14.1407999,04:15,20,19,1586.8,1598.6,FALSE,20.642539,-103.395225,20.639636,-103.395683,176,158,443,60,2.9,,170.19,180,119.33,5714,,,,23.2753879,22,29
2021-01-09T07:41:22+18:00,2021-01-09T10:12:34+18:00,6080056057,71. ESS GDL Zona Centro I,,Guadalajara,America/Chicago,+18:00,02:02:05,02:31:12,02:01:42,Any Activity Type,Running,Uncategorized,Forerunner 645 Music 7.0.0.0,,public,fit,27.12315,13.33080025,04:30,13.37221897,04:29,15.8543993,03:47,103,64,1532.4,1553.4,FALSE,20.686615,-103.353747,20.686855,-103.34557,183,163,1561,60,3.5,0.7,174.41,208,122.78,19522,,,,20.36375143,17,26
2021-01-08T07:54:38+18:00,2021-01-08T08:50:13+18:00,6073917904,70. ESS GDL Lomas del Paraíso I,,Guadalajara,America/Chicago,+18:00,00:51:02,00:55:35,00:50:37,Any Activity Type,Running,Uncategorized,Forerunner 645 Music 7.0.0.0,,public,fit,9.66428,11.36159964,05:17,11.45465185,05:14,13.63680038,04:24,184,158,1478,1544.6,FALSE,20.724075,-103.327387,20.724089,-103.324638,186,151,594,59,2.8,1.1,166.02,250,112.23,8348,,,,17.46529371,15,26
2021-01-07T07:12:39+18:00,2021-01-07T08:33:51+18:00,6068869344,69. ESS GDL Americana I,,Guadalajara,America/Chicago,+18:00,01:15:06,01:21:12,01:14:34,Any Activity Type,Running,Uncategorized,Forerunner 645 Music 7.0.0.0,,public,fit,11.82576,9.45,06:21,9.515431504,06:18,11.72160015,05:07,35,34,1550.4,1565.8,FALSE,20.679015,-103.373787,20.670171,-103.373471,161,129,634,,2.1,,161.67,212,96.59,11952,,,,21.00543541,19,26
2021-01-05T07:30:05+18:00,2021-01-05T09:15:58+18:00,6058367264,68. ESS GDL Lomas del Paraíso y El Jagüey,,Guadalajara,America/Chicago,+18:00,01:29:44,01:45:53,01:28:32,Any Activity Type,Running,Uncategorized,Forerunner 645 Music 7.0.0.0,,public,fit,16.76669,11.2104003,05:21,11.36278754,05:17,20.25359974,02:58,345,285,1453.8,1536.4,FALSE,20.723765,-103.33113,20.721092,-103.323972,188,152,989,60,2.8,1.5,165.77,256,110.54,14612,,,,17.1156088,15,25
2020-12-30T07:19:23+18:00,2020-12-30T09:06:19+18:00,6026008707,67. ESS GDL La Federacha y Jardines de Santa Isabel,,Guadalajara,America/Chicago,+18:00,01:36:28,01:46:56,01:35:49,Any Activity Type,Running,Uncategorized,Forerunner 645 Music 7.0.0.0,,public,fit,20.16113,12.53880014,04:47,12.6243116,04:45,15.24960022,03:56,157,105,1516.8,1559.8,FALSE,20.713518,-103.318832,20.709933,-103.314292,183,159,1183,60,3,0.1,170.17,211,120.32,16132,,,,17.22369537,15,26
2020-12-27T09:52:55+18:00,2020-12-27T10:34:19+18:00,6011552626,66. ESS GDL Infonavit Estadio y Popular No. 9,,Guadalajara,America/Chicago,+18:00,00:35:48,00:41:24,00:35:20,Any Activity Type,Running,Uncategorized,Forerunner 645 Music 7.0.0.0,,public,fit,6.7999,11.3975996,05:16,11.54699983,05:12,14.97959919,04:00,26,11,1552.2,1573.2,FALSE,20.715017,-103.320112,20.715784,-103.315266,170,146,398,61,2,,165.62,188,111.21,5758,,,,22.2578469,20,26
2020-12-26T07:57:49+18:00,2020-12-26T09:34:54+18:00,6006062516,65. ESS GDL Arcos Vallarta,,Guadalajara,America/Chicago,+18:00,01:19:15,01:37:05,01:18:47,Any Activity Type,Running,Uncategorized,Forerunner 645 Music 7.0.0.0,,public,fit,18.03093,13.6512002,04:24,13.73328506,04:22,17.90280018,03:21,74,33,1566.8,1584.6,FALSE,20.675479,-103.377537,20.666978,-103.376564,196,161,1072,61,3.7,1.3,175.28,198,127.84,13602,,,,17.64917874,16,24
2020-12-24T07:21:28+18:00,2020-12-24T08:55:30+18:00,5997770625,64. ESS GDL Jardines del Bosque III,,Guadalajara,America/Chicago,+18:00,01:00:45,01:34:02,01:00:18,Any Activity Type,Running,Uncategorized,Forerunner 645 Music 7.0.0.0,,public,fit,13.04782,12.88799973,04:39,12.98275871,04:37,16.08839951,03:44,68,29,1577,1603.2,FALSE,20.665804,-103.384312,20.666483,-103.375531,178,153,762,60,2.5,0.4,172.66,187,122.13,10390,,,,16.78551957,15,25
2020-12-22T07:36:23+18:00,2020-12-22T08:43:36+18:00,5989145738,63. ESS GDL Artesanos y Centro II,,Guadalajara,America/Chicago,+18:00,01:01:34,01:07:13,01:01:24,Any Activity Type,Running,Uncategorized,Forerunner 645 Music 7.0.0.0,,public,fit,13.45196,13.10760012,04:35,13.14570165,04:34,15.11639957,03:58,54,54,1542.2,1567.4,FALSE,20.687663,-103.358933,20.686811,-103.35792,184,162,853,59,3.4,0.5,176.23,187,120.65,10754,,,,17.43280497,16,25
2020-12-21T17:33:03+18:00,2020-12-21T18:08:12+18:00,5986956141,62. ESS GDL Jardines del Bosque Norte,,Guadalajara,America/Chicago,+18:00,00:29:44,00:35:09,00:29:00,Any Activity Type,Running,Uncategorized,Forerunner 645 Music 7.0.0.0,,public,fit,5.70483,11.5092001,05:13,11.80309671,05:05,13.50359974,04:27,31,19,1576,1590.2,FALSE,20.67048,-103.389644,20.667144,-103.380766,174,152,370,59,2.4,,166.83,213,112.5,4860,,,,26.53972051,25,32
2020-12-19T06:02:41+18:00,2020-12-19T10:33:32+18:00,5976711055,61. ESS GDL Maratón Santa Tere 2020,,Guadalajara,America/Chicago,+18:00,03:45:28,04:30:51,03:44:14,Any Activity Type,Running,Uncategorized,Forerunner 645 Music 7.0.0.0,,public,fit,45.13825,12.01319962,05:00,12.07757886,04:58,14.81399918,04:03,175,138,1539,1585.8,FALSE,20.688363,-103.373222,20.687941,-103.363714,177,155,2588,60,3.7,,174.55,232,111.53,35052,,,,17.49142809,15,24
2020-12-16T06:59:02+18:00,2020-12-16T08:54:41+18:00,5963837198,60. ESS GDL Independencia Oriente,,Guadalajara,America/Chicago,+18:00,01:46:52,01:55:39,01:46:21,Any Activity Type,Running,Uncategorized,Forerunner 645 Music 7.0.0.0,,public,fit,22.24792,12.4920001,04:48,12.55154673,04:47,15.38279915,03:54,192,174,1489.2,1571,FALSE,20.696924,-103.32989,20.689209,-103.33339,180,154,1234,60,3,,174.94,256,116.77,18364,,,,16.97139531,14,24
2020-12-15T07:04:26+18:00,2020-12-15T08:31:58+18:00,5959484898,59. ESS GDL La Federacha,,Guadalajara,America/Chicago,+18:00,01:24:05,01:27:32,01:23:43,Any Activity Type,Running,Uncategorized,Forerunner 645 Music 7.0.0.0,,public,fit,17.02397,12.14640026,04:56,12.20212962,04:55,15.11639957,03:58,198,184,1506.4,1553.6,FALSE,20.708637,-103.323542,20.706699,-103.314805,179,148,914,60,2.5,0.1,172.77,204,115.08,14346,,,,17.85691948,16,26
2020-12-14T18:20:15+18:00,2020-12-14T19:20:30+18:00,5957552628,58. ESS GDL Jardines del Bosque II,,Guadalajara,America/Chicago,+18:00,00:53:04,01:00:15,00:52:41,Any Activity Type,Running,Uncategorized,Forerunner 645 Music 7.0.0.0,,public,fit,10.59992,11.98439999,05:00,12.07280557,04:58,14.51160049,04:08,71,41,1598.2,1619.6,FALSE,20.664702,-103.392987,20.666453,-103.389507,169,150,600,60,2.2,,169.7,199,116.32,8918,,,,25.12021468,24,31
2020-12-12T06:43:00+18:00,2020-12-12T10:18:40+18:00,5947051774,57. ESS GDL Central de Abastos y Jardines de la Victoria,,Guadalajara,America/Chicago,+18:00,03:00:00,03:35:40,02:57:25,Any Activity Type,Running,Uncategorized,Forerunner 645 Music 7.0.0.0,,public,fit,37.21702,12.40560036,04:50,12.58598133,04:46,15.08040047,03:59,189,115,1554.4,1593.6,FALSE,20.655286,-103.391513,20.649691,-103.392271,186,158,2148,60,3.6,0.5,172.36,256,117.12,30562,,,,20.06203562,16,26
2020-12-11T07:30:25+18:00,2020-12-11T08:41:39+18:00,5942149257,56. ESS GDL Verde Valle,,Guadalajara,America/Chicago,+18:00,01:01:16,01:11:14,01:00:33,Any Activity Type,Running,Uncategorized,Forerunner 645 Music 7.0.0.0,,public,fit,13.12421,12.85199976,04:40,13.00355498,04:37,15.14880066,03:58,67,39,1572,1600.8,FALSE,20.655342,-103.391375,20.650435,-103.398978,190,156,786,60,3.1,0.9,174.73,248,120.77,10352,,,,18.03761684,15,25
2020-12-10T07:02:42+18:00,2020-12-10T09:09:08+18:00,5938152746,55. ESS GDL Rancho Nuevo y Ricardo Flores Magón,,Guadalajara,America/Chicago,+18:00,01:49:27,02:06:26,01:48:24,Any Activity Type,Running,Uncategorized,Forerunner 645 Music 7.0.0.0,,public,fit,22.61396,12.39840002,04:50,12.51674276,04:48,15.21720085,03:57,174,112,1497.2,1553.2,FALSE,20.7171,-103.332397,20.720295,-103.328081,180,150,1191,60,3,0.4,171.03,256,118.17,18114,,,,20.68762272,18,26
2020-12-09T06:45:08+18:00,2020-12-09T09:09:26+18:00,5933952798,54. ESS GDL Autocinema y Santa Elena de la Cruz,,Guadalajara,America/Chicago,+18:00,02:04:37,02:24:18,02:02:18,Any Activity Type,Running,Uncategorized,Forerunner 645 Music 7.0.0.0,,public,fit,26.01149,12.52440033,04:47,12.76101889,04:42,16.22519989,03:42,248,156,1480.2,1520.4,FALSE,20.715956,-103.343882,20.714676,-103.336735,189,155,1482,60,3.3,1.3,171.19,256,119.75,20948,,,,19.31789059,16,25
2020-12-08T18:02:34+18:00,2020-12-08T18:44:36+18:00,5931830250,53. ESS GDL Jardines del Bosque,,Guadalajara,America/Chicago,+18:00,00:31:57,00:42:02,00:31:10,Any Activity Type,Running,Uncategorized,Forerunner 645 Music 7.0.0.0,,public,fit,6.04992,11.3579999,05:17,11.64893537,05:09,13.77359991,04:21,34,13,1587.6,1601,FALSE,20.66039,-103.388855,20.656795,-103.388732,165,149,378,59,2.2,,167.58,222,110.61,4734,,,,24.34245181,23,29
2020-12-08T07:08:56+18:00,2020-12-08T08:29:06+18:00,5929474407,"52. ESS GDL Fovissste Estadio, Lomas de Independencia",,Guadalajara,America/Chicago,+18:00,01:15:32,01:20:10,01:15:06,Any Activity Type,Running,Uncategorized,Forerunner 645 Music 7.0.0.0,,public,fit,15.24469,12.1104003,04:57,12.17912639,04:56,15.01560001,04:00,175,117,1503.4,1549.6,FALSE,20.713713,-103.330602,20.711148,-103.324298,180,154,920,60,2.8,0.1,170.98,194,116.06,12816,,,,18.80432952,16,26
2020-12-06T08:58:14+18:00,2020-12-06T10:56:53+18:00,5921755574,"51. ESS GDL Chapalita, Jardines Plaza del Sol",,Guadalajara,America/Chicago,+18:00,01:18:00,01:58:39,01:17:18,Any Activity Type,Running,Uncategorized,Forerunner 645 Music 7.0.0.0,,public,fit,16.28043,12.52079973,04:48,12.63626166,04:45,15.31800041,03:55,91,45,1590.8,1608.8,FALSE,20.658524,-103.395734,20.664037,-103.39262,174,146,890,61,2.5,,173.61,213,117.03,13194,,,,19.82039731,18,26
2020-12-05T07:38:52+18:00,2020-12-05T10:55:22+18:00,5916773122,"50. ESS GDL El Retiro, Alcalde Barranquitas",,Guadalajara,America/Chicago,+18:00,02:22:03,03:16:30,02:20:05,Any Activity Type,Running,Uncategorized,Forerunner 645 Music 7.0.0.0,,public,fit,29.34125,12.39480028,04:50,12.56671293,04:46,14.97959919,04:00,279,166,1530.4,1571.8,FALSE,20.687414,-103.345622,20.686066,-103.338009,244,153,1676,60,3.4,0.7,173.27,256,116.41,24242,,,,21.48269502,18,28
2020-12-04T06:56:15+18:00,2020-12-04T08:38:59+18:00,5911721448,49. ESS GDL Belisario Domínguez y Monumental,,Guadalajara,America/Chicago,+18:00,01:29:22,01:42:44,01:28:28,Any Activity Type,Running,Uncategorized,Forerunner 645 Music 7.0.0.0,,public,fit,18.47294,12.40199976,04:50,12.52821457,04:47,15.65280018,03:50,166,119,1510.6,1548.6,FALSE,20.705126,-103.325855,20.698672,-103.320606,183,153,1046,60,2.9,,173.39,208,117.39,15392,,,,20.1028125,18,25
2020-12-02T06:45:10+18:00,2020-12-02T08:41:30+18:00,5903434155,48. ESS GDL Rancho Nuevo,,Guadalajara,America/Chicago,+18:00,01:41:15,01:56:20,01:39:42,Any Activity Type,Running,Uncategorized,Forerunner 645 Music 7.0.0.0,,public,fit,20.08763,11.90159998,05:02,12.08834385,04:58,15.31800041,03:55,297,221,1480.6,1518,FALSE,20.710354,-103.334206,20.718426,-103.336987,175,146,1046,61,2.8,,169.09,256,114.86,16776,,,,18.8394534,16,28
2020-12-01T07:09:56+18:00,2020-12-01T08:46:47+18:00,5899022053,47. ESS GDL Monumental e Independencia,,Guadalajara,America/Chicago,+18:00,01:26:36,01:36:51,01:25:51,Any Activity Type,Running,Uncategorized,Forerunner 645 Music 7.0.0.0,,public,fit,19.23259,13.32719965,04:30,13.44076593,04:28,15.8543993,03:47,220,124,1511.4,1561,FALSE,20.705213,-103.326036,20.69818,-103.320561,187,155,1065,61,3,1,176.52,217,123.99,15122,,,,18.07696901,16,24
2020-11-27T07:10:26+18:00,2020-11-27T08:40:22+18:00,5880628329,46. ESS GDL San Elías,,Guadalajara,America/Chicago,+18:00,01:09:57,01:29:56,01:09:06,Any Activity Type,Running,Uncategorized,Forerunner 645 Music 7.0.0.0,,public,fit,14.69537,12.60720034,04:46,12.75987136,04:42,15.28199959,03:56,173,134,1491,1531.6,FALSE,20.710148,-103.334207,20.708907,-103.332992,181,154,867,61,2.9,0.7,171.59,222,119.89,11824,,,,20.72822018,18,25
2020-11-26T07:10:16+18:00,2020-11-26T08:21:35+18:00,5876311163,45. ESS GDL Ladrón de Guevara 3,,Guadalajara,America/Chicago,+18:00,01:05:46,01:11:19,01:05:26,Any Activity Type,Running,Uncategorized,Forerunner 645 Music 7.0.0.0,,public,fit,10.86136,9.910800076,06:03,9.960410733,06:01,11.55600014,05:12,37,23,1566,1583.8,FALSE,20.689228,-103.376743,20.68154,-103.376656,142,130,594,,2.2,,165.66,208,97.86,10792,,,,19.66169475,17,26
2020-11-25T06:37:56+18:00,2020-11-25T08:05:22+18:00,5871894761,44. ESS GDL Estadio Jalisco,,Guadalajara,America/Chicago,+18:00,01:18:00,01:27:26,01:17:27,Any Activity Type,Running,Uncategorized,Forerunner 645 Music 6.70.0.0,,public,fit,16.91302,13.0104003,04:37,13.10168206,04:35,15.14880066,03:58,197,160,1504.2,1551,FALSE,20.700315,-103.335721,20.702913,-103.335426,181,156,968,61,3,0.2,173.19,189,122.69,13344,,,,18.76976551,17,26
2020-11-24T06:57:59+18:00,2020-11-24T08:17:25+18:00,5867368421,43. ESS GDL Santa Elenas,,Guadalajara,America/Chicago,+18:00,01:10:55,01:19:26,01:10:15,Any Activity Type,Running,Uncategorized,Forerunner 645 Music 6.70.0.0,,public,fit,15.51615,13.12920027,04:34,13.25086067,04:32,16.02360077,03:45,136,96,1492.4,1525.8,FALSE,20.710911,-103.345666,20.712868,-103.340464,183,157,945,61,3.4,1.1,174.86,192,122.04,12302,,,,18.22783732,16,26
2020-11-23T07:30:44+18:00,2020-11-23T08:09:50+18:00,5862880626,42. ESS GDL Chapalita 3,,Guadalajara,America/Chicago,+18:00,00:35:17,00:39:06,00:35:13,Any Activity Type,Running,Uncategorized,Forerunner 645 Music 6.70.0.0,,public,fit,5.81511,9.885600185,06:04,9.909393093,06:03,12.79800024,04:41,45,19,1604.2,1622.4,FALSE,20.663912,-103.400695,20.662757,-103.39952,,,444,,,,163.55,182,100.72,5834,,,,19.51881656,17,26
2020-11-21T08:56:07+18:00,2020-11-21T09:58:51+18:00,5853672068,41. ESS GDL Parque Independencia,,Guadalajara,America/Chicago,+18:00,00:53:31,01:02:44,00:53:02,Any Activity Type,Running,Uncategorized,Forerunner 645 Music 6.70.0.0,,public,fit,11.42608,12.81240005,04:41,12.92668508,04:38,14.4432003,04:09,112,67,1507.4,1535.4,FALSE,20.693711,-103.342053,20.69518,-103.334165,182,158,716,62,3,0.1,170.28,256,121.47,9004,,,,23.9407772,21,29
2020-11-13T06:29:51+18:00,2020-11-13T07:12:17+18:00,5815201582,40. ESS GDL Santa Elena Alcalde y Estadio,,Guadalajara,America/Chicago,+18:00,00:37:42,00:42:26,00:37:34,Any Activity Type,Running,Uncategorized,Forerunner 645 Music 6.70.0.0,,public,fit,7.6591,12.18599997,04:55,12.2314346,04:54,14.84640026,04:02,61,59,1500.8,1522,FALSE,20.709368,-103.342998,20.711825,-103.342424,160,143,443,62,2.1,,174.28,184,114.93,6514,,,,19.69777428,18,26
2020-11-12T06:45:41+18:00,2020-11-12T08:50:44+18:00,5811166491,39. ESS GDL Jardines Alcalde,,Guadalajara,America/Chicago,+18:00,01:50:50,02:05:03,01:50:04,Any Activity Type,Running,Uncategorized,Forerunner 645 Music 6.70.0.0,,public,fit,24.02239,13.0067997,04:37,13.09433905,04:35,15.35039978,03:55,236,200,1500.6,1543.4,FALSE,20.700921,-103.340772,20.703875,-103.335297,180,152,1273,62,2.9,,176.25,218,121.39,19358,,,,18.83835568,16,28
2020-11-11T06:46:23+18:00,2020-11-11T09:06:18+18:00,5806633847,"38. ESS GDL Colinas de La Normal, Miraflores, Jardines Alcalde",,Guadalajara,America/Chicago,+18:00,02:00:01,02:19:55,01:58:30,Any Activity Type,Running,Uncategorized,Forerunner 645 Music 6.70.0.0,,public,fit,26.26639,13.13280001,04:34,13.29982739,04:31,16.1567997,03:43,277,186,1499,1544.6,FALSE,20.694118,-103.348285,20.694914,-103.339343,193,154,1444,62,3.1,1.4,175.69,256,122.34,20824,,,,20.1449643,17,26
2020-11-10T06:58:36+18:00,2020-11-10T08:05:55+18:00,5801471235,37. ESS GDL Alcalde Barranquitas y Centro,,Guadalajara,America/Chicago,+18:00,01:05:21,01:07:19,01:05:08,Any Activity Type,Running,Uncategorized,Forerunner 645 Music 6.70.0.0,,public,fit,11.05117,10.14480028,05:55,10.18012705,05:54,11.55600014,05:12,113,107,1514.6,1553.6,FALSE,20.694349,-103.348336,20.693015,-103.342774,,,859,,,,162.81,175,103.85,10700,,,,19.40610337,17,26
2020-11-08T09:59:49+18:00,2020-11-08T11:00:32+18:00,5793171230,36. ESS GDL Ladrón de Guevara 2,,Guadalajara,America/Chicago,+18:00,00:55:12,01:00:43,00:54:53,Any Activity Type,Running,Uncategorized,Forerunner 645 Music 6.70.0.0,,public,fit,11.49868,12.49919958,04:48,12.57061824,04:46,13.97519989,04:18,50,18,1578.2,1597.2,FALSE,20.680401,-103.383351,20.681449,-103.377546,,,891,,,,172.77,182,120.56,9624,,,,25.68308083,24,28
2020-11-07T06:30:46+18:00,2020-11-07T10:06:41+18:00,5787300585,"35. ESS GDL Guadalupana, Sta Mónica, Fidel Velazquez",,Guadalajara,America/Chicago,+18:00,02:48:35,03:35:55,02:45:33,Any Activity Type,Running,Uncategorized,Forerunner 645 Music 6.70.0.0,,public,fit,34.88397,12.41639957,04:50,12.64301788,04:45,20.45520058,02:56,288,141,1489.2,1535,FALSE,20.707204,-103.356139,20.710708,-103.354654,185,148,1812,62,3.2,0.8,170.27,256,118.55,28176,,,,19.59420479,16,27
2020-11-06T07:07:24+18:00,2020-11-06T08:24:10+18:00,5781663052,34. ESS GDL Artesanos y Centro,,Guadalajara,America/Chicago,+18:00,01:07:56,01:16:46,01:07:09,Any Activity Type,Running,Uncategorized,Forerunner 645 Music 6.70.0.0,,public,fit,13.93245,12.30479994,04:53,12.44892553,04:49,15.08040047,03:59,106,81,1533.8,1558,FALSE,20.697167,-103.361118,20.693549,-103.354131,172,147,788,62,2.3,,174.86,256,113.64,11674,,,,18.83457178,17,23
2020-11-05T06:59:16+18:00,2020-11-05T08:43:35+18:00,5776941880,"33. ESS GDL Mezquitan, Artesanos, La Normal",,Guadalajara,America/Chicago,+18:00,01:29:23,01:44:19,01:28:55,Any Activity Type,Running,Uncategorized,Forerunner 645 Music 6.70.0.0,,public,fit,18.06135,12.12480011,04:57,12.18647615,04:55,15.35039978,03:55,133,60,1542.8,1595,FALSE,20.697232,-103.361793,20.694311,-103.354333,167,144,957,62,2.4,,174.03,209,113.35,15236,,,,17.50009517,15,22
2020-11-04T18:49:53+18:00,2020-11-04T19:39:07+18:00,5774823003,32. ESS GDL MS 1,,Guadalajara,America/Chicago,+18:00,00:44:37,00:49:14,00:44:08,Any Activity Type,Running,Uncategorized,Forerunner 645 Music 6.70.0.0,,public,fit,8.19338,11.01960039,05:27,11.13959982,05:23,13.06800041,04:35,58,33,1578.8,1598.2,FALSE,20.688503,-103.396292,20.682644,-103.400312,165,142,488,61,2,,168.2,195,105.83,7340,,,,24.61279155,23,30
2020-11-04T06:36:53+18:00,2020-11-04T08:46:27+18:00,5772345546,31. ESS GDL Guadalupana Observatorio San Miguel Mezquitan,,Guadalajara,America/Chicago,+18:00,01:55:39,02:09:34,01:54:08,Any Activity Type,Running,Uncategorized,Forerunner 645 Music 6.70.0.0,,public,fit,25.69367,13.33080025,04:30,13.50758674,04:27,15.78600082,03:48,216,112,1512.2,1552.2,FALSE,20.702101,-103.360145,20.697984,-103.352498,182,156,1431,62,3.1,0.3,176.84,208,122.27,20170,,,,19.73110513,17,25
2020-11-03T07:07:56+18:00,2020-11-03T08:48:35+18:00,5767615534,30. ESS GDL Mezquitan Cty 2 y Villaseñor 2,,Guadalajara,America/Chicago,+18:00,01:19:57,01:40:39,01:18:33,Any Activity Type,Running,Uncategorized,Forerunner 645 Music 6.70.0.0,,public,fit,18.23946,13.68720016,04:23,13.93243456,04:18,16.29000034,03:41,155,55,1515,1552.4,FALSE,20.69804,-103.361866,20.689918,-103.362685,177,154,969,62,2.7,0.4,177.86,212,126.24,14018,,,,17.12355917,14,25
2020-11-02T18:06:43+18:00,2020-11-02T18:58:16+18:00,5765284908,29. ESS GDL Chapalita 2,,Guadalajara,America/Chicago,+18:00,00:41:47,00:51:33,00:41:07,Any Activity Type,Running,Uncategorized,Forerunner 645 Music 6.70.0.0,,public,fit,7.94939,11.41560001,05:15,11.60024503,05:10,13.50359974,04:27,71,11,1598.4,1619.2,FALSE,20.668895,-103.401945,20.668024,-103.401306,156,142,445,60,2,,169.55,191,109.98,6956,,,,24.2557,22,29
2020-10-29T08:17:32+19:00,2020-10-29T09:31:42+19:00,5744490682,28. ESS GDL San Bernardo y Mezquitan pt. 1,,Guadalajara,America/Chicago,+19:00,01:03:22,01:14:10,01:02:21,Any Activity Type,Running,Uncategorized,Forerunner 645 Music 6.70.0.0,,public,fit,13.10376,12.40560036,04:50,12.61054725,04:45,15.08040047,03:59,75,42,1525.2,1567.2,FALSE,20.699948,-103.361605,20.702605,-103.361783,,,1003,,,,169.52,188,121.96,10936,,,,21.36717093,19,27
2020-10-28T19:28:11+19:00,2020-10-28T20:19:38+19:00,5742531038,ESS GDL Arcos Vallarta Pt.1,,Guadalajara,America/Chicago,+19:00,00:44:17,00:51:27,00:43:39,Any Activity Type,Running,Uncategorized,Forerunner 645 Music 6.70.0.0,,public,fit,8.86876,12.01680021,05:00,12.19073507,04:55,13.9067997,04:19,47,21,1568.8,1594.2,FALSE,20.680303,-103.384804,20.676262,-103.384922,,,671,,,,166.81,182,120.07,7562,,,,26.23187723,25,31
2020-10-28T07:29:47+19:00,2020-10-28T09:28:02+19:00,5740188443,ESS Jardines del Country pt. 2,,Guadalajara,America/Chicago,+19:00,01:42:50,01:58:15,01:41:41,Any Activity Type,Running,Uncategorized,Forerunner 645 Music 6.70.0.0,,public,fit,23.07333,13.46400003,04:27,13.61554953,04:24,16.32599945,03:41,151,90,1504.4,1534.4,FALSE,20.712213,-103.375206,20.713078,-103.366376,183,158,1324,62,3,0.6,175.86,220,124.43,17740,,,,22.09072849,19,26
2020-10-27T18:57:44+19:00,2020-10-27T19:25:24+19:00,5737939059,ESS GDL Chapalita pt. 1,,Guadalajara,America/Chicago,+19:00,00:23:45,00:27:40,00:23:20,Any Activity Type,Running,Uncategorized,Forerunner 645 Music 6.70.0.0,,public,fit,4.63383,11.70359974,05:08,11.91556306,05:02,13.63680038,04:24,26,11,1603.4,1616.2,FALSE,20.670888,-103.400671,20.667052,-103.397072,164,148,290,61,2,,169.05,195,112.94,3930,,,,26.50810257,24,31
2020-10-27T07:39:53+19:00,2020-10-27T09:57:29+19:00,5735708519,ESS GDL Jardines del Country pt. 1 y San Miguel Mezquitan pt. 1,,Guadalajara,America/Chicago,+19:00,01:49:29,02:17:36,01:46:55,Any Activity Type,Running,Uncategorized,Forerunner 645 Music 6.70.0.0,,public,fit,24.05719,13.18319979,04:33,13.50146377,04:27,16.29000034,03:41,210,94,1481.2,1556.2,FALSE,20.701155,-103.360951,20.703478,-103.360117,181,158,1341,61,3,1.1,174.73,256,122.8,18704,,,,22.3726109,19,26
2020-10-26T19:01:23+19:00,2020-10-26T19:56:22+19:00,5733393734,ESS GDL Vallarta Sur y Jardines de los Arcos,,Guadalajara,America/Chicago,+19:00,00:48:25,00:54:59,00:47:43,Any Activity Type,Running,Uncategorized,Forerunner 645 Music 6.70.0.0,,public,fit,9.93113,12.30839968,04:52,12.48915523,04:48,14.37839985,04:10,36,10,1595.8,1613.6,FALSE,20.672926,-103.392606,20.671488,-103.397495,170,152,581,61,2.2,,171.52,182,116.66,5408,,,,26.30767467,25,33
2020-10-24T07:21:41+19:00,2020-10-24T09:46:48+19:00,5721587960,ESS GDL Country Club y Lomas del Country,,Guadalajara,America/Chicago,+19:00,01:56:47,02:25:07,01:55:35,Any Activity Type,Running,Uncategorized,Forerunner 645 Music 6.70.0.0,,public,fit,25.87508,13.29480028,04:31,13.43208712,04:28,16.35840054,03:40,214,104,1535,1569.4,FALSE,20.700992,-103.361038,20.706682,-103.366245,178,152,1360,62,2.9,0.5,175.69,240,121.63,20264,,,,22.3593384,21,27
2020-10-23T07:49:34+19:00,2020-10-23T09:14:09+19:00,5716929354,ESS GDL Ayuntamiento y Villaseñor pt.1,,Guadalajara,America/Chicago,+19:00,01:10:21,01:24:35,01:09:40,Any Activity Type,Running,Uncategorized,Forerunner 645 Music 6.70.0.0,,public,fit,15.14058,12.91319962,04:39,13.03860181,04:36,15.41879997,03:53,117,27,1546,1573,FALSE,20.698975,-103.363478,20.696898,-103.371793,173,152,850,61,2.4,0.1,175.58,202,118.85,12200,,,,23.61513396,22,27
2020-10-22T17:59:00+19:00,2020-10-22T18:39:36+19:00,5714739298,ESS GDL Chapultepec Country,,Guadalajara,America/Chicago,+19:00,00:37:33,00:40:36,00:37:14,Any Activity Type,Running,Uncategorized,Forerunner 645 Music 6.70.0.0,,public,fit,7.80685,12.47399969,04:49,12.57809564,04:46,15.31800041,03:55,54,28,1565.2,1581.8,FALSE,20.698592,-103.363166,20.694438,-103.365913,166,149,454,61,2.1,,172.55,203,117.3,6420,,,,26.21358977,24,30
2020-10-22T06:43:09+19:00,2020-10-22T07:58:16+19:00,5712298477,ESS GDL Vallarta Norte,,Guadalajara,America/Chicago,+19:00,01:06:03,01:15:07,01:05:20,Any Activity Type,Running,Uncategorized,Forerunner 645 Music 6.70.0.0,,public,fit,11.17593,10.15199976,05:55,10.26339947,05:51,12.12480011,04:57,65,20,1586.8,1605.2,FALSE,20.677755,-103.386798,20.679373,-103.390426,143,127,575,,1.9,,167.31,183,97.52,10874,,,,23.6580041,22,29
2020-10-21T18:57:53+19:00,2020-10-21T19:40:08+19:00,5710470634,ESS GDL Vallarta Poniente,,Guadalajara,America/Chicago,+19:00,00:37:01,00:42:15,00:36:43,Any Activity Type,Running,Uncategorized,Forerunner 645 Music 6.70.0.0,,public,fit,7.64481,12.39480028,04:50,12.49412266,04:48,17.49960022,03:26,44,23,1604.4,1621.4,FALSE,20.675309,-103.397411,20.673227,-103.395574,163,149,440,61,2,,173.08,205,115.08,6348,,,,26.4075024,25,30
2020-10-21T07:10:59+19:00,2020-10-21T08:28:31+19:00,5707913357,ESS GDL Italia Providencia y Circ. Américas,,Guadalajara,America/Chicago,+19:00,01:04:28,01:17:32,01:03:20,Any Activity Type,Running,Uncategorized,Forerunner 645 Music 6.70.0.0,,public,fit,14.01616,13.04640026,04:36,13.27793291,04:31,17.03159981,03:31,133,92,1541.2,1579.2,FALSE,20.697002,-103.378949,20.696144,-103.377269,179,155,803,60,2.5,0.2,176.22,256,119.42,11210,,,,22.52515907,20,29
2020-10-20T18:37:59+19:00,2020-10-20T19:33:18+19:00,5705975942,ESS GDL Lomas de Guevara,,Guadalajara,America/Chicago,+19:00,00:49:12,00:55:19,00:48:25,Any Activity Type,Running,Uncategorized,Forerunner 645 Music 6.70.0.0,,public,fit,10.25397,12.50280018,04:48,12.70881061,04:43,14.47919941,04:09,80,40,1562.4,1589.6,FALSE,20.687708,-103.39334,20.68722,-103.383771,,,780,,,,171.78,185,121.33,8554,,,,26.60730559,25,31
2020-10-20T06:47:13+19:00,2020-10-20T08:03:13+19:00,5703248328,ESS GDL Prados Providencia,,Guadalajara,America/Chicago,+19:00,01:11:30,01:16:00,01:10:58,Any Activity Type,Running,Uncategorized,Forerunner 645 Music 6.70.0.0,,public,fit,15.17138,12.73319979,04:43,12.82691843,04:41,14.81399918,04:03,122,116,1525,1574,FALSE,20.706678,-103.393762,20.703831,-103.387964,191,164,1009,60,3.6,0.3,175.48,198,117,12468,,,,22.79929887,22,26
2020-10-19T18:25:29+19:00,2020-10-19T19:20:24+19:00,5701311622,ESS GDL Terranova y Circ. Vallarta,,Guadalajara,America/Chicago,+19:00,00:49:58,00:54:55,00:49:35,Any Activity Type,Running,Uncategorized,Forerunner 645 Music 6.70.0.0,,public,fit,10.57566,12.69719982,04:44,12.79841414,04:41,15.14880066,03:58,54,25,1581.4,1612.6,FALSE,20.684487,-103.389734,20.679847,-103.388891,166,152,589,60,2.2,,174.61,185,119.18,8656,,,,26.5425705,25,32
2020-10-18T09:13:26+19:00,2020-10-18T11:15:32+19:00,5695544796,ESS GDL Colomos Providencia ,,Zapopan,America/Chicago,+19:00,01:42:40,02:02:06,01:41:53,Any Activity Type,Running,Uncategorized,Forerunner 645 Music 6.70.0.0,,public,fit,23.07899,13.48919992,04:27,13.5905286,04:25,16.52760029,03:38,172,166,1519.8,1583,FALSE,20.723328,-103.416279,20.716263,-103.411862,188,160,1298,60,2.9,1.7,175.25,256,125.66,13510,,,,24.49376355,21,29
2020-10-16T19:15:36+19:00,2020-10-16T20:27:12+19:00,5687124184,ESS GDL Vallarta San Jorge,,Guadalajara,America/Chicago,+19:00,01:02:34,01:11:36,01:01:55,Any Activity Type,Running,Uncategorized,Forerunner 645 Music 6.70.0.0,,public,fit,13.3733,12.82320013,04:41,12.95938426,04:38,15.14880066,03:58,70,45,1578,1598.4,FALSE,20.687316,-103.395858,20.678898,-103.397125,171,157,723,59,2.3,0.2,173.92,188,119.02,10758,,,,26.59939605,25,31
2020-10-15T18:18:16+19:00,2020-10-15T18:53:45+19:00,5682969842,ESS GDL Juan Manuel (Providencia),,Guadalajara,America/Chicago,+19:00,00:35:08,00:35:29,00:35:03,Any Activity Type,Running,Uncategorized,Forerunner 645 Music 6.70.0.0,,public,fit,7.12892,12.17519989,04:56,12.20238814,04:55,13.53599997,04:26,14,13,1599.8,1614.2,FALSE,20.689086,-103.396246,20.682157,-103.393335,163,151,411,59,2,,172.66,186,115.29,6042,,,,25.68653112,25,32
2020-10-15T06:54:08+19:00,2020-10-15T08:28:23+19:00,5680687580,ESS GDL Monraz,,Guadalajara,America/Chicago,+19:00,01:19:36,01:34:15,01:18:59,Any Activity Type,Running,Uncategorized,Forerunner 645 Music 6.70.0.0,,public,fit,14.02716,10.57320013,05:40,10.6559718,05:38,13.9067997,04:19,171,126,1576,1615,FALSE,20.690289,-103.396507,20.694592,-103.394196,170,134,719,59,2.1,,166.72,241,103.46,13118,,,,22.90537854,21,28
2020-10-14T18:46:48+19:00,2020-10-14T19:25:27+19:00,5678742882,ESS GDL Providencia 2A Sección,,Guadalajara,America/Chicago,+19:00,00:37:16,00:38:39,00:37:06,Any Activity Type,Running,Uncategorized,Forerunner 645 Music 6.70.0.0,,public,fit,8.19689,13.1975996,04:33,13.25397227,04:32,14.68080025,04:05,71,74,1565,1593.6,FALSE,20.691137,-103.384643,20.6973,-103.380165,,,639,,,,173.12,182,127.09,6456,,,,26.96766889,26,31
2020-10-14T08:04:41+19:00,2020-10-14T08:26:34+19:00,5676292600,ESS GDL Lomas de Providencia,,Guadalajara,America/Chicago,+19:00,00:21:04,00:21:53,00:21:00,Any Activity Type,Running,Uncategorized,Forerunner 645 Music 6.70.0.0,,public,fit,5.00656,14.25600014,04:13,14.30934075,04:12,15.92279949,03:46,70,21,1561,1610.4,FALSE,20.695976,-103.389786,20.691461,-103.385087,193,176,331,59,3.1,1.6,177.41,188,129.69,3718,,,,21.60134641,21,26
2020-10-14T07:02:48+19:00,2020-10-14T08:01:47+19:00,5676292517,ESS GDL Providencia 4A Sección,,Guadalajara,America/Chicago,+19:00,00:52:49,00:58:59,00:52:24,Any Activity Type,Running,Uncategorized,Forerunner 645 Music 6.70.0.0,,public,fit,11.74044,13.33799973,04:30,13.44359879,04:28,19.64880066,03:03,69,87,1554,1607,FALSE,20.68944,-103.396037,20.693439,-103.395345,185,157,688,59,3.2,0.6,174.83,209,121.9,9088,,,,22.06878688,20,29
2020-10-13T07:20:46+19:00,2020-10-13T08:20:33+19:00,5671617495,"ESS GDL, Colinas de SJ pt.2",,Guadalajara,America/Chicago,+19:00,00:53:28,00:59:47,00:53:10,Any Activity Type,Running,Uncategorized,Forerunner 645 Music 6.70.0.0,,public,fit,11.0834,12.43799973,04:49,12.50759905,04:48,15.24960022,03:56,162,131,1576,1622.8,FALSE,20.690741,-103.397073,20.692442,-103.404963,187,156,666,58,3.1,1.2,172.61,214,117.02,9176,,,,21.63488658,20,27
2020-10-12T19:37:35+19:00,2020-10-12T20:32:16+19:00,5669757300,"ESS GDL, Providencia 5A Sección",,Guadalajara,America/Chicago,+19:00,00:48:31,00:54:41,00:48:11,Any Activity Type,Running,Uncategorized,Forerunner 645 Music 6.70.0.0,,public,fit,8.01936,9.918000412,06:03,9.987036333,06:00,11.38680038,05:16,67,50,1561.4,1590.6,FALSE,20.690958,-103.39726,20.694837,-103.393604,154,130,439,58,1.6,,161.97,180,100.82,7776,,,,26.86168505,25,30
2020-10-09T06:54:52+19:00,2020-10-09T08:20:23+19:00,5653469034,"ESS GDL, Colinas de SJ pt.1",,Zapopan,America/Chicago,+19:00,01:14:45,01:25:31,01:13:39,Any Activity Type,Running,Uncategorized,Forerunner 645 Music 6.70.0.0,,public,fit,16.15248,12.96719999,04:38,13.15943025,04:34,14.84640026,04:02,140,137,1550.6,1590.8,FALSE,20.724252,-103.41499,20.71697,-103.412499,190,166,1082,58,3.6,1.5,172.77,196,122.28,12814,,,,22.26253722,20,28
2020-10-08T18:53:10+19:00,2020-10-08T19:49:28+19:00,5651428549,"ESS GDL, Providencia (Sao Paulo)",,Guadalajara,America/Chicago,+19:00,00:44:29,00:56:18,00:43:39,Any Activity Type,Running,Uncategorized,Forerunner 645 Music 6.70.0.0,,public,fit,9.64794,13.01400003,04:37,13.26177379,04:31,15.04799938,03:59,83,61,1524.8,1551,FALSE,20.700999,-103.38362,20.700679,-103.383531,186,165,653,59,3.4,1.1,171.95,186,122.19,7566,,,,25,23,30
2020-10-06T06:47:00+19:00,2020-10-06T07:59:18+19:00,5639723527,"ESS GDL 2, Providencia 3A Sección",,Guadalajara,America/Chicago,+19:00,01:07:04,01:12:18,01:06:56,Any Activity Type,Running,Uncategorized,Forerunner 645 Music 6.70.0.0,,public,fit,15.01452,13.43520041,04:28,13.45827899,04:27,16.49159946,03:38,151,134,1528.2,1557.2,FALSE,20.706724,-103.393649,20.704705,-103.39072,193,159,936,59,3.9,2.1,176,192,124.19,11638,,,,18.27541847,17,26
2020-10-02T06:24:09+19:00,2020-10-02T08:13:19+19:00,5621493235,ESS GDL 1,,Guadalajara,America/Chicago,+19:00,01:35:15,01:49:10,01:34:42,Any Activity Type,Running,Uncategorized,Forerunner 645 Music 6.70.0.0,,public,fit,22.04053,13.88520041,04:19,13.96345687,04:18,19.81800041,03:02,225,134,1529,1593.8,FALSE,20.68867,-103.396117,20.680997,-103.395121,190,163,1313,59,3.5,2.8,175.5,190,128.19,16580,,,,16.47520354,15,25