Activity ID,Time,LatitudeDegrees,LongitudeDegrees,AltitudeMeters,DistanceMeters,HeartRateBpm,Speed,RunCadence
7095813937,2021-07-09T12:51:18.000Z,20.650956938043237,-103.31019703298807,1564.0,0.0,,0.0,0
7095813937,2021-07-09T12:51:20.000Z,20.651010582223535,-103.31019460223615,1564.4000244140625,5.980000019073486,,0.9890000224113464,48
7095813937,2021-07-09T12:51:22.000Z,20.651086773723364,-103.31021723337471,1565.199951171875,14.569999694824219,,2.6029999256134033,48
7095813937,2021-07-09T12:51:23.000Z,20.651160534471273,-103.31022528000176,1567.5999755859375,22.700000762939453,,2.6029999256134033,48
7095813937,2021-07-09T12:51:26.000Z,20.651286095380783,-103.31022628583014,1566.4000244140625,36.58000183105469,,3.8540000915527344,87
7095813937,2021-07-09T12:51:27.000Z,20.651324316859245,-103.31022745929658,1566.5999755859375,40.81999969482422,,3.806999921798706,86
7095813937,2021-07-09T12:51:31.000Z,20.651464127004147,-103.31023299135268,1565.0,56.31999969482422,,3.759999990463257,89
7095813937,2021-07-09T12:51:33.000Z,20.65153118222952,-103.31023215316236,1563.800048828125,63.72999954223633,,3.750999927520752,88
7095813937,2021-07-09T12:51:38.000Z,20.65170368179679,-103.31020499579608,1563.5999755859375,83.11000061035156,,3.7230000495910645,89
7095813937,2021-07-09T12:51:43.000Z,20.651888083666563,-103.31016233190894,1563.5999755859375,104.05000305175781,,3.759999990463257,87
7095813937,2021-07-09T12:51:45.000Z,20.651960503309965,-103.31013911403716,1563.5999755859375,112.4000015258789,,3.7880001068115234,87
7095813937,2021-07-09T12:51:50.000Z,20.652122609317303,-103.31008060835302,1563.5999755859375,131.41000366210938,,3.6480000019073486,87
7095813937,2021-07-09T12:51:55.000Z,20.652266861870885,-103.31006250344217,1563.5999755859375,147.80999755859375,,3.5739998817443848,81
7095813937,2021-07-09T12:52:01.000Z,20.652429554611444,-103.31006216816604,1563.5999755859375,166.02000427246094,,3.5269999504089355,86
7095813937,2021-07-09T12:52:09.000Z,20.652629546821117,-103.31002914346755,1563.5999755859375,188.75999450683594,,3.4059998989105225,86
7095813937,2021-07-09T12:52:10.000Z,20.65265662036836,-103.31002419814467,1563.5999755859375,191.7899932861328,,3.38700008392334,86
7095813937,2021-07-09T12:52:15.000Z,20.652832137420774,-103.30996946431696,1563.5999755859375,212.16000366210938,,3.434000015258789,86
7095813937,2021-07-09T12:52:19.000Z,20.65296046435833,-103.30997407436371,1563.5999755859375,226.6199951171875,,3.4800000190734863,85
7095813937,2021-07-09T12:52:24.000Z,20.65314176492393,-103.30998094752431,1563.5999755859375,246.57000732421875,,3.5360000133514404,85
7095813937,2021-07-09T12:52:30.000Z,20.653325244784355,-103.30998262390494,1563.5999755859375,267.1000061035156,,3.4519999027252197,85
7095813937,2021-07-09T12:52:31.000Z,20.653349803760648,-103.30997575074434,1563.5999755859375,269.8900146484375,,3.443000078201294,86
7095813937,2021-07-09T12:52:36.000Z,20.653497828170657,-103.309969548136,1563.5999755859375,286.29998779296875,,3.3589999675750732,86
7095813937,2021-07-09T12:52:41.000Z,20.653634956106544,-103.30994071438909,1563.5999755859375,301.8900146484375,,3.322000026702881,84
7095813937,2021-07-09T12:52:43.000Z,20.65368650481105,-103.30992177128792,1563.5999755859375,307.95001220703125,,3.2750000953674316,85
7095813937,2021-07-09T12:52:45.000Z,20.653733778744936,-103.30991121008992,1563.5999755859375,313.29998779296875,,3.25600004196167,84
7095813937,2021-07-09T12:52:52.000Z,20.65392605960369,-103.30985714681447,1563.5999755859375,335.32000732421875,,3.2100000381469727,85
7095813937,2021-07-09T12:52:57.000Z,20.65405891276896,-103.30981783568859,1563.5999755859375,350.6199951171875,,3.200000047683716,85
7095813937,2021-07-09T12:52:59.000Z,20.654103588312864,-103.30984918400645,1563.5999755859375,356.82000732421875,,3.190999984741211,85
7095813937,2021-07-09T12:53:01.000Z,20.65412923693657,-103.30989830195904,1563.5999755859375,362.6700134277344,,3.1630001068115234,85
7095813937,2021-07-09T12:53:06.000Z,20.65421037375927,-103.31002763472497,1563.5999755859375,378.8500061035156,,3.1440000534057617,85
7095813937,2021-07-09T12:53:12.000Z,20.65428614616394,-103.3101868070662,1563.5999755859375,397.45001220703125,,3.1440000534057617,85
7095813937,2021-07-09T12:53:18.000Z,20.654392763972282,-103.31034639850259,1563.4000244140625,417.80999755859375,,3.1630001068115234,86
7095813937,2021-07-09T12:53:20.000Z,20.65441849641502,-103.31040062941611,1563.4000244140625,424.1400146484375,,3.171999931335449,86
7095813937,2021-07-09T12:53:26.000Z,20.65450164489448,-103.31055418588221,1563.4000244140625,442.8399963378906,,3.171999931335449,86
7095813937,2021-07-09T12:53:28.000Z,20.65447666682303,-103.31058922223747,1563.4000244140625,447.489990234375,,3.1540000438690186,84
7095813937,2021-07-09T12:53:30.000Z,20.65442888997495,-103.31059919670224,1563.4000244140625,452.8900146484375,,3.1440000534057617,84
7095813937,2021-07-09T12:53:37.000Z,20.654234597459435,-103.31061386503279,1563.4000244140625,474.45001220703125,,3.125999927520752,85
7095813937,2021-07-09T12:53:43.000Z,20.654062181711197,-103.310627611354,1563.4000244140625,493.6199951171875,,3.125999927520752,87
7095813937,2021-07-09T12:53:49.000Z,20.653876857832074,-103.31066440790892,1563.4000244140625,514.5,,3.1440000534057617,87
7095813937,2021-07-09T12:53:50.000Z,20.653841570019722,-103.31066910177469,1563.4000244140625,518.4299926757812,,3.1630001068115234,87
7095813937,2021-07-09T12:53:56.000Z,20.653646355494857,-103.3107032161206,1563.4000244140625,540.3400268554688,,3.2100000381469727,87
7095813937,2021-07-09T12:54:01.000Z,20.653489027172327,-103.31072458997369,1563.4000244140625,557.9199829101562,,3.246999979019165,87
7095813937,2021-07-09T12:54:07.000Z,20.653294986113906,-103.31076272763312,1563.4000244140625,579.7999877929688,,3.3499999046325684,87
7095813937,2021-07-09T12:54:10.000Z,20.65320672467351,-103.310775635764,1563.4000244140625,589.6799926757812,,3.3499999046325684,86
7095813937,2021-07-09T12:54:16.000Z,20.653042187914252,-103.3107928186655,1563.4000244140625,608.0499877929688,,3.322000026702881,86
7095813937,2021-07-09T12:54:22.000Z,20.652855271473527,-103.31084126606584,1563.4000244140625,629.4500122070312,,3.3310000896453857,87
7095813937,2021-07-09T12:54:28.000Z,20.652663242071867,-103.31090060994029,1563.4000244140625,651.6500244140625,,3.38700008392334,87
7095813937,2021-07-09T12:54:33.000Z,20.65250256098807,-103.31094025634229,1563.4000244140625,669.9099731445312,,3.4059998989105225,88
7095813937,2021-07-09T12:54:39.000Z,20.65233299508691,-103.3109706826508,1563.4000244140625,689.0399780273438,,3.4149999618530273,86
7095813937,2021-07-09T12:54:44.000Z,20.652162842452526,-103.31102860160172,1563.4000244140625,708.8400268554688,,3.434000015258789,88
7095813937,2021-07-09T12:54:49.000Z,20.652014315128326,-103.31106196157634,1563.4000244140625,725.6699829101562,,3.4709999561309814,87
7095813937,2021-07-09T12:54:54.000Z,20.65188841894269,-103.31106062047184,1563.5999755859375,739.7100219726562,,3.302999973297119,87
7095813937,2021-07-09T12:55:00.000Z,20.65175984054804,-103.31108207814395,1563.5999755859375,754.4500122070312,,3.0320000648498535,85
7095813937,2021-07-09T12:55:02.000Z,20.65175103954971,-103.31113236956298,1563.5999755859375,759.97998046875,,2.9110000133514404,84
7095813937,2021-07-09T12:55:03.000Z,20.651762103661895,-103.31116321496665,1563.5999755859375,763.4099731445312,,2.9110000133514404,83
7095813937,2021-07-09T12:55:09.000Z,20.651835780590773,-103.31136144697666,1563.5999755859375,785.5999755859375,,3.2750000953674316,86
7095813937,2021-07-09T12:55:10.000Z,20.651850448921323,-103.31138969399035,1563.800048828125,788.969970703125,,3.312000036239624,86
7095813937,2021-07-09T12:55:16.000Z,20.65192898735404,-103.31157526932657,1563.800048828125,810.1500244140625,,3.378000020980835,86
7095813937,2021-07-09T12:55:22.000Z,20.652004340663552,-103.31175950355828,1563.800048828125,831.1599731445312,,3.4240000247955322,86
7095813937,2021-07-09T12:55:27.000Z,20.652082795277238,-103.3118877466768,1563.800048828125,847.1300048828125,,3.4059998989105225,87
7095813937,2021-07-09T12:55:32.000Z,20.652161249890924,-103.31202319823205,1563.800048828125,863.7000122070312,,3.378000020980835,86
7095813937,2021-07-09T12:55:38.000Z,20.65224565565586,-103.31219645217061,1563.800048828125,884.0700073242188,,3.378000020980835,86
7095813937,2021-07-09T12:55:44.000Z,20.65236048772931,-103.31234464421868,1564.0,904.3200073242188,,3.3959999084472656,85
7095813937,2021-07-09T12:55:49.000Z,20.652502728626132,-103.31233936361969,1564.0,920.22998046875,,3.3959999084472656,88
7095813937,2021-07-09T12:55:55.000Z,20.652698278427124,-103.31227373331785,1564.0,942.8900146484375,,3.434000015258789,88
7095813937,2021-07-09T12:56:01.000Z,20.65290128812194,-103.31221589818597,1564.0,966.1799926757812,,3.499000072479248,88
7095813937,2021-07-09T12:56:06.000Z,20.653051156550646,-103.31216929480433,1564.0,983.469970703125,,3.499000072479248,88
7095813937,2021-07-09T12:56:11.000Z,20.653210999444127,-103.3121210988611,1564.0,1001.8800048828125,,3.555000066757202,88
7095813937,2021-07-09T12:56:14.000Z,20.65329951234162,-103.31206510774791,1564.0,1013.2899780273438,,3.555000066757202,88
7095813937,2021-07-09T12:56:19.000Z,20.653440160676837,-103.31205546855927,1564.0,1029.300048828125,,3.443000078201294,84
7095813937,2021-07-09T12:56:23.000Z,20.653561614453793,-103.31202194094658,1564.0,1043.260009765625,,3.4519999027252197,85
7095813937,2021-07-09T12:56:28.000Z,20.653706453740597,-103.31197952851653,1564.0,1059.8900146484375,,3.4519999027252197,85
7095813937,2021-07-09T12:56:34.000Z,20.653881384059787,-103.311927895993,1564.0,1080.0,,3.434000015258789,86
7095813937,2021-07-09T12:56:37.000Z,20.653975680470467,-103.31190777942538,1564.0,1090.6600341796875,,3.443000078201294,85
7095813937,2021-07-09T12:56:42.000Z,20.654123118147254,-103.31188120879233,1564.0,1107.27001953125,,3.443000078201294,86
7095813937,2021-07-09T12:56:47.000Z,20.654278183355927,-103.31187115050852,1563.800048828125,1124.510009765625,,3.443000078201294,88
7095813937,2021-07-09T12:56:52.000Z,20.654442887753248,-103.31183234229684,1563.800048828125,1143.219970703125,,3.4709999561309814,86
7095813937,2021-07-09T12:56:58.000Z,20.654628546908498,-103.31179453991354,1563.800048828125,1164.2099609375,,3.507999897003174,86
7095813937,2021-07-09T12:57:03.000Z,20.654767183586955,-103.31174626015127,1563.800048828125,1180.3299560546875,,3.499000072479248,87
7095813937,2021-07-09T12:57:10.000Z,20.65496139228344,-103.31167157739401,1563.800048828125,1203.1800537109375,,3.4709999561309814,85
7095813937,2021-07-09T12:57:12.000Z,20.655006486922503,-103.31166042946279,1563.800048828125,1208.1300048828125,,3.4519999027252197,86
7095813937,2021-07-09T12:57:14.000Z,20.65504495985806,-103.31169764511287,1563.5999755859375,1213.8800048828125,,3.3959999084472656,85
7095813937,2021-07-09T12:57:20.000Z,20.655156522989273,-103.31184156239033,1563.5999755859375,1233.489990234375,,3.378000020980835,86
7095813937,2021-07-09T12:57:26.000Z,20.655248975381255,-103.31199746578932,1563.5999755859375,1252.6800537109375,,3.3589999675750732,87
7095813937,2021-07-09T12:57:32.000Z,20.65535224042833,-103.31215672194958,1563.5999755859375,1272.8199462890625,,3.368000030517578,87
7095813937,2021-07-09T12:57:33.000Z,20.65537193790078,-103.31218094564974,1563.5999755859375,1276.1199951171875,,3.3589999675750732,87
7095813937,2021-07-09T12:57:39.000Z,20.655470928177238,-103.31234145909548,1563.4000244140625,1296.1300048828125,,3.3589999675750732,86
7095813937,2021-07-09T12:57:42.000Z,20.65550923347473,-103.3124229311943,1563.4000244140625,1305.6700439453125,,3.3589999675750732,87
7095813937,2021-07-09T12:57:44.000Z,20.655490877106786,-103.31245888955891,1563.4000244140625,1310.1700439453125,,3.3310000896453857,86
7095813937,2021-07-09T12:57:50.000Z,20.655336901545525,-103.31251337192953,1563.4000244140625,1328.1700439453125,,3.2939999103546143,87
7095813937,2021-07-09T12:57:56.000Z,20.65517253242433,-103.31257003359497,1563.199951171875,1347.2900390625,,3.2839999198913574,87
7095813937,2021-07-09T12:58:01.000Z,20.655023669824004,-103.31260775215924,1563.199951171875,1364.280029296875,,3.322000026702881,87
7095813937,2021-07-09T12:58:08.000Z,20.654823426157236,-103.3126544393599,1563.199951171875,1386.97998046875,,3.3310000896453857,88
7095813937,2021-07-09T12:58:15.000Z,20.654638689011335,-103.3127078320831,1563.199951171875,1408.1600341796875,,3.246999979019165,86
7095813937,2021-07-09T12:58:21.000Z,20.654456466436386,-103.31273783929646,1563.199951171875,1428.5899658203125,,3.2660000324249268,87
7095813937,2021-07-09T12:58:27.000Z,20.654266281053424,-103.31279684789479,1563.0,1450.530029296875,,3.312000036239624,87
7095813937,2021-07-09T12:58:32.000Z,20.654110880568624,-103.31284521147609,1563.0,1468.6099853515625,,3.3589999675750732,87
7095813937,2021-07-09T12:58:38.000Z,20.653944415971637,-103.31287597306073,1563.0,1487.75,,3.3399999141693115,86
7095813937,2021-07-09T12:58:44.000Z,20.653768898919225,-103.31295509822667,1563.0,1508.8399658203125,,3.3499999046325684,87
7095813937,2021-07-09T12:58:46.000Z,20.653712572529912,-103.31297974102199,1563.0,1515.5899658203125,,3.3499999046325684,87
7095813937,2021-07-09T12:58:52.000Z,20.653566140681505,-103.31306473352015,1563.0,1534.0699462890625,,3.3399999141693115,87
7095813937,2021-07-09T12:58:58.000Z,20.653386935591698,-103.31313656643033,1563.0,1555.300048828125,,3.3499999046325684,87
7095813937,2021-07-09T12:59:04.000Z,20.653231535106897,-103.31320529803634,1563.0,1574.0699462890625,,3.3499999046325684,87
7095813937,2021-07-09T12:59:09.000Z,20.65310211852193,-103.31326480954885,1563.0,1589.739990234375,,3.322000026702881,84
7095813937,2021-07-09T12:59:12.000Z,20.653111841529608,-103.31334175541997,1563.0,1598.3499755859375,,3.2279999256134033,83
7095813937,2021-07-09T12:59:18.000Z,20.653196163475513,-103.31352422945201,1563.0,1619.469970703125,,3.2190001010894775,86
7095813937,2021-07-09T12:59:23.000Z,20.653285263106227,-103.31369505263865,1563.0,1639.780029296875,,3.25600004196167,86
7095813937,2021-07-09T12:59:25.000Z,20.653321389108896,-103.313764706254,1563.0,1648.050048828125,,3.2660000324249268,86
7095813937,2021-07-09T12:59:29.000Z,20.6533988378942,-103.31389194354415,1562.800048828125,1663.8499755859375,,3.322000026702881,86
7095813937,2021-07-09T12:59:32.000Z,20.653443848714232,-103.31399604678154,1562.800048828125,1675.7900390625,,3.368000030517578,87
7095813937,2021-07-09T12:59:38.000Z,20.653539737686515,-103.31417491659522,1562.800048828125,1697.2099609375,,3.3959999084472656,86
7095813937,2021-07-09T12:59:39.000Z,20.653563709929585,-103.31419486552477,1562.800048828125,1700.56005859375,,3.3959999084472656,86
7095813937,2021-07-09T12:59:41.000Z,20.653622299432755,-103.31420090049505,1562.800048828125,1707.1400146484375,,3.3959999084472656,85
7095813937,2021-07-09T12:59:46.000Z,20.653758170083165,-103.31416670233011,1562.800048828125,1722.6600341796875,,3.302999973297119,87
7095813937,2021-07-09T12:59:52.000Z,20.65394902601838,-103.31413191743195,1562.800048828125,1744.1099853515625,,3.3589999675750732,87
7095813937,2021-07-09T12:59:55.000Z,20.654037706553936,-103.31411263905466,1562.800048828125,1754.1600341796875,,3.378000020980835,87
7095813937,2021-07-09T13:00:00.000Z,20.654172906652093,-103.31405363045633,1562.5999755859375,1770.3599853515625,,3.378000020980835,87
7095813937,2021-07-09T13:00:06.000Z,20.654318165034056,-103.31399395130575,1562.5999755859375,1787.5899658203125,,3.302999973297119,86
7095813937,2021-07-09T13:00:11.000Z,20.65447524189949,-103.3139341045171,1562.5999755859375,1806.06005859375,,3.302999973297119,86
7095813937,2021-07-09T13:00:17.000Z,20.654668109491467,-103.31388766877353,1562.4000244140625,1827.989990234375,,3.3399999141693115,87
7095813937,2021-07-09T13:00:18.000Z,20.65470105037093,-103.3138820528984,1562.4000244140625,1831.6800537109375,,3.3499999046325684,87
7095813937,2021-07-09T13:00:19.000Z,20.654731895774603,-103.31387082114816,1562.4000244140625,1835.27001953125,,3.3499999046325684,87
7095813937,2021-07-09T13:00:22.000Z,20.654822755604982,-103.31383477896452,1562.4000244140625,1846.030029296875,,3.368000030517578,86
7095813937,2021-07-09T13:00:28.000Z,20.655008414760232,-103.31376370042562,1562.4000244140625,1867.9000244140625,,3.4059998989105225,87
7095813937,2021-07-09T13:00:33.000Z,20.65515048801899,-103.31371114589274,1562.199951171875,1884.56005859375,,3.4059998989105225,86
7095813937,2021-07-09T13:00:38.000Z,20.655290130525827,-103.31367627717555,1562.199951171875,1900.4599609375,,3.378000020980835,86
7095813937,2021-07-09T13:00:44.000Z,20.655486434698105,-103.31363026052713,1562.199951171875,1922.7900390625,,3.4059998989105225,87
7095813937,2021-07-09T13:00:50.000Z,20.655662706121802,-103.31358407624066,1562.0,1942.8900146484375,,3.4149999618530273,86
7095813937,2021-07-09T13:00:53.000Z,20.655752895399928,-103.31355557776988,1562.0,1953.3599853515625,,3.4149999618530273,87
7095813937,2021-07-09T13:00:56.000Z,20.655831433832645,-103.31353420391679,1562.0,1962.3499755859375,,3.4059998989105225,87
7095813937,2021-07-09T13:01:01.000Z,20.65596898086369,-103.31349640153348,1562.0,1978.0699462890625,,3.368000030517578,87
7095813937,2021-07-09T13:01:04.000Z,20.656036036089063,-103.31349019892514,1562.0,1985.68994140625,,3.322000026702881,86
7095813937,2021-07-09T13:01:05.000Z,20.6560564879328,-103.31350704655051,1562.0,1988.550048828125,,3.302999973297119,86
7095813937,2021-07-09T13:01:07.000Z,20.656095128506422,-103.31355314701796,1561.800048828125,1994.97998046875,,3.2939999103546143,86
7095813937,2021-07-09T13:01:09.000Z,20.656128656119108,-103.31360846757889,1561.800048828125,2001.8699951171875,,3.2939999103546143,88
7095813937,2021-07-09T13:01:10.000Z,20.65614391118288,-103.3136386424303,1561.800048828125,2005.43994140625,,3.2939999103546143,88
7095813937,2021-07-09T13:01:10.000Z,20.65614391118288,-103.3136386424303,1561.800048828125,2005.43994140625,,3.2939999103546143,88
7095813937,2021-07-09T13:01:16.000Z,20.656234603375196,-103.31381818279624,1561.800048828125,2026.780029296875,,3.322000026702881,89
7095813937,2021-07-09T13:01:22.000Z,20.65631196834147,-103.31400233320892,1561.5999755859375,2047.81005859375,,3.3499999046325684,88
7095813937,2021-07-09T13:01:27.000Z,20.65639310516417,-103.3141415566206,1561.5999755859375,2064.989990234375,,3.3589999675750732,89
7095813937,2021-07-09T13:01:30.000Z,20.656420765444636,-103.31420676782727,1561.5999755859375,2072.56005859375,,3.3399999141693115,87
7095813937,2021-07-09T13:01:31.000Z,20.656406516209245,-103.31422068178654,1561.5999755859375,2074.679931640625,,3.302999973297119,87
7095813937,2021-07-09T13:01:36.000Z,20.656267711892724,-103.31425974145532,1561.4000244140625,2090.60009765625,,3.2939999103546143,88
7095813937,2021-07-09T13:01:43.000Z,20.656069982796907,-103.31432478502393,1561.4000244140625,2113.550048828125,,3.302999973297119,87
7095813937,2021-07-09T13:01:49.000Z,20.65589027479291,-103.31437390297651,1561.199951171875,2134.1201171875,,3.322000026702881,87
7095813937,2021-07-09T13:01:50.000Z,20.655861860141158,-103.3143817819655,1561.199951171875,2137.3701171875,,3.322000026702881,87
7095813937,2021-07-09T13:01:55.000Z,20.65572372637689,-103.31442721188068,1561.199951171875,2153.43994140625,,3.322000026702881,86
7095813937,2021-07-09T13:02:01.000Z,20.655536139383912,-103.31446023657918,1561.0,2174.5400390625,,3.3399999141693115,86
7095813937,2021-07-09T13:02:07.000Z,20.655348552390933,-103.31452360376716,1561.0,2196.35009765625,,3.3589999675750732,87
7095813937,2021-07-09T13:02:08.000Z,20.655313599854708,-103.3145332429558,1561.0,2200.35009765625,,3.368000030517578,87
7095813937,2021-07-09T13:02:14.000Z,20.655118385329843,-103.31459359265864,1560.800048828125,2222.89990234375,,3.4059998989105225,88
7095813937,2021-07-09T13:02:17.000Z,20.65502400510013,-103.31462075002491,1560.800048828125,2233.72998046875,,3.4240000247955322,86
7095813937,2021-07-09T13:02:21.000Z,20.65490372478962,-103.31467741169035,1560.800048828125,2248.31005859375,,3.434000015258789,87
7095813937,2021-07-09T13:02:27.000Z,20.65470834262669,-103.31474740058184,1560.5999755859375,2271.159912109375,,3.4619998931884766,88
7095813937,2021-07-09T13:02:31.000Z,20.65458328463137,-103.3147819340229,1560.5999755859375,2285.47998046875,,3.4709999561309814,88
7095813937,2021-07-09T13:02:35.000Z,20.654462752863765,-103.31482174806297,1560.5999755859375,2299.550048828125,,3.4800000190734863,88
7095813937,2021-07-09T13:02:40.000Z,20.654333671554923,-103.314916966483,1560.5999755859375,2317.18994140625,,3.490000009536743,87
7095813937,2021-07-09T13:02:46.000Z,20.654157735407352,-103.3149996958673,1560.5999755859375,2338.5,,3.5179998874664307,87
7095813937,2021-07-09T13:02:47.000Z,20.65414239652455,-103.31501654349267,1560.5999755859375,2340.949951171875,,3.507999897003174,86
7095813937,2021-07-09T13:02:48.000Z,20.654146755114198,-103.31504772417247,1560.5999755859375,2344.18994140625,,3.499000072479248,86
7095813937,2021-07-09T13:02:50.000Z,20.65416796132922,-103.31512693315744,1560.5999755859375,2352.77001953125,,3.490000009536743,84
7095813937,2021-07-09T13:02:56.000Z,20.654256222769618,-103.31532885320485,1560.5999755859375,2376.14990234375,,3.507999897003174,87
7095813937,2021-07-09T13:03:02.000Z,20.654346831142902,-103.31552390009165,1560.5999755859375,2398.77001953125,,3.5460000038146973,87
7095813937,2021-07-09T13:03:08.000Z,20.654438193887472,-103.31572431139648,1560.5999755859375,2421.919921875,,3.5829999446868896,88
7095813937,2021-07-09T13:03:14.000Z,20.654557049274445,-103.3158977329731,1560.4000244140625,2445.22998046875,,3.619999885559082,87
7095813937,2021-07-09T13:03:15.000Z,20.654590660706162,-103.31589865498245,1560.4000244140625,2448.949951171875,,3.619999885559082,87
7095813937,2021-07-09T13:03:18.000Z,20.654677245765924,-103.31586931832135,1560.4000244140625,2459.070068359375,,3.619999885559082,87
7095813937,2021-07-09T13:03:24.000Z,20.654860055074096,-103.3157870080322,1560.199951171875,2481.06005859375,,3.6110000610351562,87
7095813937,2021-07-09T13:03:30.000Z,20.655059292912483,-103.3157299272716,1560.199951171875,2503.949951171875,,3.6389999389648438,88
7095813937,2021-07-09T13:03:32.000Z,20.655122911557555,-103.31571911461651,1560.199951171875,2511.090087890625,,3.6389999389648438,88
7095813937,2021-07-09T13:03:38.000Z,20.65530387684703,-103.31568927504122,1560.0,2531.389892578125,,3.6389999389648438,88
7095813937,2021-07-09T13:03:39.000Z,20.65533564426005,-103.31568097695708,1560.0,2535.0,,3.6389999389648438,88
7095813937,2021-07-09T13:03:45.000Z,20.655522644519806,-103.31560486927629,1560.0,2557.199951171875,,3.630000114440918,87
7095813937,2021-07-09T13:03:50.000Z,20.655678547918797,-103.31554435193539,1559.800048828125,2575.570068359375,,3.630000114440918,86
7095813937,2021-07-09T13:03:55.000Z,20.655845012515783,-103.31544737331569,1559.800048828125,2596.699951171875,,3.6389999389648438,87
7095813937,2021-07-09T13:04:00.000Z,20.656004855409265,-103.31539205275476,1559.5999755859375,2615.35009765625,,3.6389999389648438,88
7095813937,2021-07-09T13:04:06.000Z,20.656203171238303,-103.31533681601286,1559.5999755859375,2638.0400390625,,3.6760001182556152,89
7095813937,2021-07-09T13:04:08.000Z,20.656265700235963,-103.31532189622521,1559.5999755859375,2645.139892578125,,3.6760001182556152,88
7095813937,2021-07-09T13:04:14.000Z,20.656438870355487,-103.31526733003557,1559.4000244140625,2665.179931640625,,3.6760001182556152,88
7095813937,2021-07-09T13:04:15.000Z,20.65646694973111,-103.3152536675334,1559.4000244140625,2668.60009765625,,3.6670000553131104,89
7095813937,2021-07-09T13:04:21.000Z,20.6566178239882,-103.31518921069801,1559.4000244140625,2686.60009765625,,3.6480000019073486,88
7095813937,2021-07-09T13:04:27.000Z,20.65676199272275,-103.31513590179384,1559.199951171875,2703.489990234375,,3.5460000038146973,87
7095813937,2021-07-09T13:04:31.000Z,20.65682896412909,-103.31506113521755,1559.199951171875,2714.64990234375,,3.3399999141693115,84
7095813937,2021-07-09T13:04:32.000Z,20.65683927386999,-103.31502433866262,1559.199951171875,2718.570068359375,,3.3399999141693115,83
7095813937,2021-07-09T13:04:35.000Z,20.656833574175835,-103.31493683159351,1559.0,2727.610107421875,,3.2660000324249268,83
7095813937,2021-07-09T13:04:40.000Z,20.6567888148129,-103.31479190848768,1559.0,2743.35009765625,,3.25600004196167,84
7095813937,2021-07-09T13:04:46.000Z,20.656721759587526,-103.31460105255246,1559.0,2764.56005859375,,3.322000026702881,86
7095813937,2021-07-09T13:04:52.000Z,20.656646490097046,-103.31440751440823,1559.0,2786.389892578125,,3.443000078201294,87
7095813937,2021-07-09T13:04:54.000Z,20.656618997454643,-103.31434305757284,1559.0,2793.800048828125,,3.4619998931884766,88
7095813937,2021-07-09T13:05:00.000Z,20.65650701522827,-103.31417265348136,1559.0,2815.489990234375,,3.5269999504089355,88
7095813937,2021-07-09T13:05:05.000Z,20.65639696083963,-103.31405756995082,1559.0,2832.659912109375,,3.5360000133514404,88
7095813937,2021-07-09T13:05:10.000Z,20.65631833858788,-103.31394843757153,1559.0,2846.97998046875,,3.4619998931884766,85
7095813937,2021-07-09T13:05:11.000Z,20.656301574781537,-103.31393519416451,1559.0,2849.2900390625,,3.443000078201294,85
7095813937,2021-07-09T13:05:14.000Z,20.656256061047316,-103.31387945450842,1559.0,2856.989990234375,,3.3589999675750732,85
7095813937,2021-07-09T13:05:20.000Z,20.65617467276752,-103.31371273845434,1559.0,2876.679931640625,,3.3399999141693115,85
7095813937,2021-07-09T13:05:26.000Z,20.656090350821614,-103.31351861357689,1559.0,2898.969970703125,,3.4149999618530273,86
7095813937,2021-07-09T13:05:31.000Z,20.65604659728706,-103.31334007903934,1559.0,2918.31005859375,,3.4800000190734863,86
7095813937,2021-07-09T13:05:37.000Z,20.65598163753748,-103.31313514150679,1559.0,2940.9599609375,,3.563999891281128,87
7095813937,2021-07-09T13:05:43.000Z,20.65590594895184,-103.31294939853251,1559.0,2962.050048828125,,3.5739998817443848,88
7095813937,2021-07-09T13:05:44.000Z,20.655892873182893,-103.31291939131916,1559.0,2965.5,,3.5920000076293945,88
7095813937,2021-07-09T13:05:49.000Z,20.65580871887505,-103.31278628669679,1559.199951171875,2982.22998046875,,3.5920000076293945,88
7095813937,2021-07-09T13:05:54.000Z,20.65571542829275,-103.31265485845506,1559.199951171875,2999.449951171875,,3.563999891281128,89
7095813937,2021-07-09T13:05:55.000Z,20.65570210106671,-103.31261739134789,1559.199951171875,3003.610107421875,,3.563999891281128,89
7095813937,2021-07-09T13:06:01.000Z,20.655604619532824,-103.31241614185274,1559.199951171875,3027.18994140625,,3.6579999923706055,89
7095813937,2021-07-09T13:06:06.000Z,20.655521722510457,-103.3122780919075,1559.199951171875,3044.280029296875,,3.6579999923706055,89
7095813937,2021-07-09T13:06:12.000Z,20.655420972034335,-103.31208103336394,1559.4000244140625,3067.679931640625,,3.7039999961853027,89
7095813937,2021-07-09T13:06:18.000Z,20.655320221558213,-103.31189956516027,1559.4000244140625,3089.64990234375,,3.7230000495910645,89
7095813937,2021-07-09T13:06:19.000Z,20.655301362276077,-103.31186989322305,1559.4000244140625,3093.3701171875,,3.7230000495910645,89
7095813937,2021-07-09T13:06:25.000Z,20.655200192704797,-103.31167593598366,1559.4000244140625,3116.510009765625,,3.742000102996826,88
7095813937,2021-07-09T13:06:26.000Z,20.655187033116817,-103.31164232455194,1559.4000244140625,3120.2900390625,,3.759999990463257,88
7095813937,2021-07-09T13:06:31.000Z,20.655104303732514,-103.31147091463208,1559.4000244140625,3140.39990234375,,3.7980000972747803,89
7095813937,2021-07-09T13:06:35.000Z,20.655037919059396,-103.3113528136164,1559.4000244140625,3154.760009765625,,3.806999921798706,88
7095813937,2021-07-09T13:06:41.000Z,20.654942952096462,-103.31117059104145,1559.5999755859375,3176.5,,3.7980000972747803,89
7095813937,2021-07-09T13:06:47.000Z,20.65484957769513,-103.31100035458803,1559.5999755859375,3197.010009765625,,3.7790000438690186,88
7095813937,2021-07-09T13:06:48.000Z,20.65483340062201,-103.31096665933728,1559.5999755859375,3200.949951171875,,3.7699999809265137,88
7095813937,2021-07-09T13:06:53.000Z,20.65476064570248,-103.31081243231893,1559.5999755859375,3218.949951171875,,3.7699999809265137,87
7095813937,2021-07-09T13:06:55.000Z,20.65473231486976,-103.31073959358037,1559.800048828125,3227.14990234375,,3.7699999809265137,87
7095813937,2021-07-09T13:06:58.000Z,20.65468101762235,-103.31064320169389,1559.800048828125,3238.699951171875,,3.7880001068115234,89
7095813937,2021-07-09T13:07:04.000Z,20.654570208862424,-103.31047589890659,1559.800048828125,3260.02001953125,,3.7880001068115234,88
7095813937,2021-07-09T13:07:10.000Z,20.654482953250408,-103.31029367633164,1559.800048828125,3281.360107421875,,3.759999990463257,89
7095813937,2021-07-09T13:07:11.000Z,20.654466273263097,-103.31026568077505,1559.800048828125,3284.81005859375,,3.759999990463257,89
7095813937,2021-07-09T13:07:17.000Z,20.654364014044404,-103.31009946763515,1560.0,3305.580078125,,3.7320001125335693,88
7095813937,2021-07-09T13:07:18.000Z,20.65434817224741,-103.31007013097405,1560.0,3309.10009765625,,3.7320001125335693,88
7095813937,2021-07-09T13:07:24.000Z,20.654240548610687,-103.30990643240511,1560.0,3329.9599609375,,3.7039999961853027,87
7095813937,2021-07-09T13:07:29.000Z,20.65413317643106,-103.30979386344552,1560.0,3346.68994140625,,3.6760001182556152,86
7095813937,2021-07-09T13:07:30.000Z,20.654104007408023,-103.30978539772332,1560.0,3350.0400390625,,3.6670000553131104,86
7095813937,2021-07-09T13:07:31.000Z,20.65407693386078,-103.30978648737073,1560.0,3353.030029296875,,3.6579999923706055,85
7095813937,2021-07-09T13:07:34.000Z,20.6539963837713,-103.30979838967323,1560.0,3362.0,,3.6389999389648438,86
7095813937,2021-07-09T13:07:39.000Z,20.65385221503675,-103.30981406383216,1560.0,3378.0400390625,,3.563999891281128,87
7095813937,2021-07-09T13:07:45.000Z,20.653659012168646,-103.3098416402936,1560.0,3399.860107421875,,3.5179998874664307,87
7095813937,2021-07-09T13:07:49.000Z,20.65355507656932,-103.30986670218408,1560.0,3412.10009765625,,3.4059998989105225,84
7095813937,2021-07-09T13:07:50.000Z,20.653547532856464,-103.30990148708224,1560.0,3415.820068359375,,3.38700008392334,84
7095813937,2021-07-09T13:07:51.000Z,20.653553986921906,-103.30993233248591,1560.0,3419.110107421875,,3.38700008392334,84
7095813937,2021-07-09T13:07:53.000Z,20.653590615838766,-103.31000802107155,1560.0,3427.969970703125,,3.4240000247955322,85
7095813937,2021-07-09T13:07:59.000Z,20.653679631650448,-103.3101920876652,1560.0,3449.570068359375,,3.499000072479248,87
7095813937,2021-07-09T13:08:04.000Z,20.653735119849443,-103.3103374298662,1560.0,3466.030029296875,,3.4619998931884766,85
7095813937,2021-07-09T13:08:10.000Z,20.653825476765633,-103.31052049063146,1560.199951171875,3487.590087890625,,3.4709999561309814,86
7095813937,2021-07-09T13:08:11.000Z,20.653837881982327,-103.31055024638772,1560.199951171875,3490.989990234375,,3.4800000190734863,86
7095813937,2021-07-09T13:08:17.000Z,20.653911475092173,-103.31073707900941,1560.199951171875,3512.14990234375,,3.499000072479248,88
7095813937,2021-07-09T13:08:23.000Z,20.65401633270085,-103.31091519445181,1560.199951171875,3534.110107421875,,3.5179998874664307,88
7095813937,2021-07-09T13:08:24.000Z,20.654038712382317,-103.31094444729388,1560.199951171875,3538.0400390625,,3.5269999504089355,88
7095813937,2021-07-09T13:08:28.000Z,20.654112305492163,-103.31107897683978,1560.199951171875,3554.27001953125,,3.5739998817443848,89
7095813937,2021-07-09T13:08:34.000Z,20.654216576367617,-103.3112732693553,1560.199951171875,3577.590087890625,,3.6389999389648438,92
7095813937,2021-07-09T13:08:40.000Z,20.65432327799499,-103.3114651311189,1560.5999755859375,3600.820068359375,,3.686000108718872,91
7095813937,2021-07-09T13:08:46.000Z,20.65443567931652,-103.31165716052055,1560.4000244140625,3624.429931640625,,3.7139999866485596,89
7095813937,2021-07-09T13:08:47.000Z,20.654448503628373,-103.31169261597097,1560.4000244140625,3628.3798828125,,3.7230000495910645,89
7095813937,2021-07-09T13:08:52.000Z,20.654535926878452,-103.31184374168515,1559.4000244140625,3646.929931640625,,3.7320001125335693,90
7095813937,2021-07-09T13:08:58.000Z,20.654634330421686,-103.31203862093389,1559.5999755859375,3669.97998046875,,3.750999927520752,89
7095813937,2021-07-09T13:09:01.000Z,20.65469468012452,-103.31212545745075,1559.800048828125,3681.31005859375,,3.759999990463257,89
7095813937,2021-07-09T13:09:06.000Z,20.65478252246976,-103.3122712187469,1559.800048828125,3699.43994140625,,3.759999990463257,90
7095813937,2021-07-09T13:09:12.000Z,20.654883943498135,-103.31245847046375,1560.199951171875,3721.9599609375,,3.7699999809265137,89
7095813937,2021-07-09T13:09:16.000Z,20.654945550486445,-103.31258185207844,1561.0,3736.530029296875,,3.7790000438690186,89
7095813937,2021-07-09T13:09:22.000Z,20.655040685087442,-103.31276868470013,1560.800048828125,3758.85009765625,,3.7699999809265137,89
7095813937,2021-07-09T13:09:27.000Z,20.655142944306135,-103.31293137744069,1561.5999755859375,3779.27001953125,,3.806999921798706,91
7095813937,2021-07-09T13:09:28.000Z,20.655161552131176,-103.31296331249177,1562.0,3783.179931640625,,3.806999921798706,91
7095813937,2021-07-09T13:09:30.000Z,20.65519985742867,-103.31302617676556,1562.0,3790.9599609375,,3.815999984741211,91
7095813937,2021-07-09T13:09:35.000Z,20.655301613733172,-103.31318895332515,1562.4000244140625,3811.31005859375,,3.8440001010894775,90
7095813937,2021-07-09T13:09:36.000Z,20.655320305377245,-103.31322038546205,1562.5999755859375,3815.169921875,,3.8440001010894775,90
7095813937,2021-07-09T13:09:42.000Z,20.65544377081096,-103.31340562552214,1561.0,3838.8798828125,,3.86299991607666,89
7095813937,2021-07-09T13:09:45.000Z,20.65548090264201,-103.31349413841963,1559.5999755859375,3848.97998046875,,3.8540000915527344,89
7095813937,2021-07-09T13:09:47.000Z,20.655508060008287,-103.3135580085218,1558.800048828125,3856.280029296875,,3.8540000915527344,88
7095813937,2021-07-09T13:09:48.000Z,20.6555228959769,-103.31359019502997,1558.5999755859375,3860.02001953125,,3.8540000915527344,88
7095813937,2021-07-09T13:09:52.000Z,20.65561710856855,-103.31369672901928,1558.0,3875.239990234375,,3.8440001010894775,89
7095813937,2021-07-09T13:09:57.000Z,20.655710231512785,-103.31382505595684,1558.4000244140625,3892.389892578125,,3.8259999752044678,88
7095813937,2021-07-09T13:10:00.000Z,20.65575348213315,-103.31391289830208,1559.5999755859375,3902.739990234375,,3.806999921798706,88
7095813937,2021-07-09T13:10:03.000Z,20.655800672248006,-103.31401348114014,1559.199951171875,3914.4599609375,,3.806999921798706,87
7095813937,2021-07-09T13:10:05.000Z,20.655834199860692,-103.31407877616584,1558.4000244140625,3922.2099609375,,3.7980000972747803,87
7095813937,2021-07-09T13:10:09.000Z,20.655898740515113,-103.31419369205832,1557.800048828125,3936.14990234375,,3.7980000972747803,88
7095813937,2021-07-09T13:10:14.000Z,20.65596990287304,-103.31428941339254,1558.0,3948.860107421875,,3.6389999389648438,83
7095813937,2021-07-09T13:11:27.000Z,20.656064031645656,-103.31428941339254,1557.199951171875,3948.860107421875,,0.0,0
7095813937,2021-07-09T13:11:30.000Z,20.656044501811266,-103.31432520411909,1557.199951171875,3953.1298828125,,0.0,0
7095813937,2021-07-09T13:11:31.000Z,20.656014243140817,-103.31435236148536,1557.0,3957.510009765625,,0.9139999747276306,0
7095813937,2021-07-09T13:11:34.000Z,20.65591617487371,-103.31440751440823,1556.5999755859375,3969.800048828125,,3.759999990463257,89
7095813937,2021-07-09T13:11:39.000Z,20.655740154907107,-103.31445814110339,1556.800048828125,3990.06005859375,,3.8440001010894775,89
7095813937,2021-07-09T13:11:40.000Z,20.655705956742167,-103.31446560099721,1557.0,3993.909912109375,,3.8440001010894775,89
7095813937,2021-07-09T13:11:42.000Z,20.655647367239,-103.31449049524963,1557.800048828125,4000.889892578125,,3.7880001068115234,89
7095813937,2021-07-09T13:11:44.000Z,20.655619706958532,-103.31453542225063,1558.199951171875,4006.719970703125,,3.6760001182556152,88
7095813937,2021-07-09T13:11:48.000Z,20.6556558329612,-103.31468269228935,1557.199951171875,4022.77001953125,,3.6389999389648438,88
7095813937,2021-07-09T13:11:53.000Z,20.655732611194253,-103.31485519185662,1556.4000244140625,4042.659912109375,,3.6579999923706055,88
7095813937,2021-07-09T13:11:58.000Z,20.6558321043849,-103.3150311280042,1556.5999755859375,4064.050048828125,,3.7699999809265137,88
7095813937,2021-07-09T13:12:01.000Z,20.655879210680723,-103.3151312917471,1557.5999755859375,4075.719970703125,,3.7880001068115234,88
7095813937,2021-07-09T13:12:07.000Z,20.65595867112279,-103.31532935611904,1556.4000244140625,4098.14990234375,,3.7790000438690186,87
7095813937,2021-07-09T13:12:08.000Z,20.655970238149166,-103.31535961478949,1556.199951171875,4101.56005859375,,3.7699999809265137,87
7095813937,2021-07-09T13:12:11.000Z,20.655975015833974,-103.3154259994626,1556.0,4108.52978515625,,3.686000108718872,83
7095813937,2021-07-09T13:12:12.000Z,20.656008208170533,-103.31542264670134,1556.0,4108.52978515625,,3.6110000610351562,83
7095813937,2021-07-09T13:12:14.000Z,20.656000413000584,-103.31540311686695,1556.0,4110.43994140625,,3.4059998989105225,81
7095813937,2021-07-09T13:12:18.000Z,20.655955569818616,-103.31527646631002,1555.800048828125,4124.56005859375,,3.443000078201294,86
7095813937,2021-07-09T13:12:24.000Z,20.65587024204433,-103.3150945790112,1557.0,4145.740234375,,3.4800000190734863,88
7095813937,2021-07-09T13:12:25.000Z,20.655854735523462,-103.31506331451237,1557.4000244140625,4149.419921875,,3.555000066757202,88
7095813937,2021-07-09T13:12:31.000Z,20.655760439112782,-103.31488989293575,1557.199951171875,4170.33984375,,3.5920000076293945,89
7095813937,2021-07-09T13:12:37.000Z,20.65565331839025,-103.31469560042024,1556.5999755859375,4194.0,,3.630000114440918,90
7095813937,2021-07-09T13:12:43.000Z,20.65554779022932,-103.31449770368636,1556.4000244140625,4217.89013671875,,3.686000108718872,88
7095813937,2021-07-09T13:12:49.000Z,20.65542608499527,-103.31433425657451,1557.0,4239.580078125,,3.7039999961853027,90
7095813937,2021-07-09T13:12:50.000Z,20.65541091375053,-103.31430441699922,1557.199951171875,4243.10986328125,,3.686000108718872,90
7095813937,2021-07-09T13:12:56.000Z,20.655323322862387,-103.31411632709205,1558.199951171875,4265.009765625,,3.6760001182556152,90
7095813937,2021-07-09T13:13:02.000Z,20.655222069472075,-103.31393829546869,1558.199951171875,4286.830078125,,3.7039999961853027,90
7095813937,2021-07-09T13:13:05.000Z,20.655146213248372,-103.31385414116085,1558.4000244140625,4298.93994140625,,3.7039999961853027,90
7095813937,2021-07-09T13:13:07.000Z,20.655098855495453,-103.31380519084632,1558.5999755859375,4306.240234375,,3.7139999866485596,90
7095813937,2021-07-09T13:13:11.000Z,20.655026603490114,-103.3136838208884,1559.5999755859375,4321.64990234375,,3.7039999961853027,87
7095813937,2021-07-09T13:13:12.000Z,20.655010007321835,-103.31364425830543,1559.800048828125,4326.16015625,,3.7039999961853027,87
7095813937,2021-07-09T13:13:18.000Z,20.654909508302808,-103.31345164217055,1559.0,4349.14013671875,,3.7320001125335693,89
7095813937,2021-07-09T13:13:19.000Z,20.654890397563577,-103.31342029385269,1558.800048828125,4353.02001953125,,3.7320001125335693,89
7095813937,2021-07-09T13:13:23.000Z,20.654815630987287,-103.31329205073416,1558.4000244140625,4368.759765625,,3.759999990463257,89
7095813937,2021-07-09T13:13:28.000Z,20.65472108311951,-103.31314394250512,1558.4000244140625,4387.43994140625,,3.759999990463257,89
7095813937,2021-07-09T13:13:34.000Z,20.654594767838717,-103.31296582706273,1559.4000244140625,4410.7099609375,,3.7790000438690186,89
7095813937,2021-07-09T13:13:35.000Z,20.65457498654723,-103.3129443693906,1559.4000244140625,4413.830078125,,3.7790000438690186,89
7095813937,2021-07-09T13:13:39.000Z,20.65450843423605,-103.31282828003168,1560.199951171875,4428.240234375,,3.7320001125335693,89
7095813937,2021-07-09T13:13:41.000Z,20.65447867847979,-103.31276055425406,1560.5999755859375,4436.02978515625,,3.7320001125335693,89
7095813937,2021-07-09T13:13:44.000Z,20.654437858611345,-103.31266399472952,1561.800048828125,4447.02001953125,,3.7230000495910645,89
7095813937,2021-07-09T13:13:49.000Z,20.65434280782938,-103.3124956022948,1562.199951171875,4467.5,,3.750999927520752,90
7095813937,2021-07-09T13:13:50.000Z,20.654321098700166,-103.31246232613921,1562.0,4471.72021484375,,3.759999990463257,90
7095813937,2021-07-09T13:13:55.000Z,20.654215905815363,-103.31229485571384,1562.199951171875,4492.75,,3.7880001068115234,90
7095813937,2021-07-09T13:13:56.000Z,20.654198890551925,-103.31225831061602,1562.0,4496.97998046875,,3.7880001068115234,90
7095813937,2021-07-09T13:14:02.000Z,20.65408774651587,-103.31207332201302,1562.0,4519.8701171875,,3.815999984741211,90
7095813937,2021-07-09T13:14:03.000Z,20.65406972542405,-103.31204566173255,1561.800048828125,4523.3798828125,,3.815999984741211,90
7095813937,2021-07-09T13:14:09.000Z,20.653987331315875,-103.31185597926378,1560.199951171875,4545.14990234375,,3.7790000438690186,88
7095813937,2021-07-09T13:14:15.000Z,20.653887502849102,-103.31166663207114,1559.800048828125,4567.81982421875,,3.7790000438690186,90
7095813937,2021-07-09T13:14:20.000Z,20.653798151761293,-103.31151517108083,1560.199951171875,4586.47998046875,,3.7980000972747803,90
7095813937,2021-07-09T13:14:26.000Z,20.653682313859463,-103.31132129766047,1560.0,4610.43994140625,,3.815999984741211,90
7095813937,2021-07-09T13:14:31.000Z,20.653583658859134,-103.31115357577801,1559.5999755859375,4631.06982421875,,3.8540000915527344,91
7095813937,2021-07-09T13:14:34.000Z,20.653530852869153,-103.31105818971992,1559.5999755859375,4642.60009765625,,3.86299991607666,91
7095813937,2021-07-09T13:14:39.000Z,20.65342565998435,-103.31091033294797,1560.0,4661.9501953125,,3.86299991607666,89
7095813937,2021-07-09T13:14:44.000Z,20.653334967792034,-103.31077010370791,1561.4000244140625,4679.68994140625,,3.8440001010894775,87
7095813937,2021-07-09T13:14:45.000Z,20.65332004800439,-103.31074370071292,1561.5999755859375,4682.89990234375,,3.8350000381469727,87
7095813937,2021-07-09T13:14:51.000Z,20.653210412710905,-103.31056675873697,1560.4000244140625,4705.08984375,,3.7980000972747803,89
7095813937,2021-07-09T13:14:52.000Z,20.653189290314913,-103.31053893081844,1560.199951171875,4708.81005859375,,3.7980000972747803,89
7095813937,2021-07-09T13:14:58.000Z,20.653079990297556,-103.31036156974733,1560.199951171875,4730.93017578125,,3.7980000972747803,88
7095813937,2021-07-09T13:14:59.000Z,20.653063394129276,-103.31032996997237,1560.4000244140625,4734.7001953125,,3.7980000972747803,88
7095813937,2021-07-09T13:15:04.000Z,20.652960799634457,-103.31019694916904,1561.5999755859375,4752.7099609375,,3.7880001068115234,88
7095813937,2021-07-09T13:15:05.000Z,20.652937162667513,-103.31017096526921,1561.5999755859375,4756.47998046875,,3.7880001068115234,88
7095813937,2021-07-09T13:15:10.000Z,20.652861976996064,-103.31005772575736,1561.199951171875,4770.990234375,,3.7039999961853027,83
7095813937,2021-07-09T13:15:14.000Z,20.65274555236101,-103.31004934385419,1561.199951171875,4784.0400390625,,3.619999885559082,84
7095813937,2021-07-09T13:15:20.000Z,20.652536004781723,-103.31007784232497,1561.800048828125,4807.43017578125,,3.7230000495910645,88
7095813937,2021-07-09T13:15:21.000Z,20.65250063315034,-103.31007826142013,1561.800048828125,4811.330078125,,3.7790000438690186,88
7095813937,2021-07-09T13:15:27.000Z,20.652338610962033,-103.31010650843382,1560.800048828125,4833.259765625,,3.5920000076293945,87
7095813937,2021-07-09T13:15:28.000Z,20.652337688952684,-103.31013542599976,1560.800048828125,4835.14013671875,,3.5920000076293945,86
7095813937,2021-07-09T13:15:31.000Z,20.65235705114901,-103.31024958752096,1560.800048828125,4847.47998046875,,3.6110000610351562,85
7095813937,2021-07-09T13:15:32.000Z,20.652375407516956,-103.31028998829424,1560.800048828125,4852.14013671875,,3.630000114440918,85
7095813937,2021-07-09T13:15:36.000Z,20.652437768876553,-103.31043189391494,1561.0,4868.64990234375,,3.686000108718872,88
7095813937,2021-07-09T13:15:41.000Z,20.652527371421456,-103.31058142706752,1561.800048828125,4887.14990234375,,3.7230000495910645,89
7095813937,2021-07-09T13:15:46.000Z,20.65259207971394,-103.31076909787953,1561.800048828125,4908.02001953125,,3.7880001068115234,91
7095813937,2021-07-09T13:15:48.000Z,20.65263063646853,-103.3108514919877,1561.800048828125,4917.6201171875,,3.871999979019165,90
7095813937,2021-07-09T13:15:53.000Z,20.652706073597074,-103.31103974953294,1562.4000244140625,4938.93994140625,,3.947000026702881,89
7095813937,2021-07-09T13:15:58.000Z,20.652800872921944,-103.31121694296598,1562.199951171875,4960.18017578125,,4.078000068664551,90
7095813937,2021-07-09T13:16:00.000Z,20.6528359092772,-103.31128072924912,1562.0,4967.8798828125,,4.059000015258789,90
7095813937,2021-07-09T13:16:05.000Z,20.652938755229115,-103.31143990159035,1561.4000244140625,4988.0,,4.078000068664551,91
7095813937,2021-07-09T13:16:08.000Z,20.653000865131617,-103.31154886633158,1560.800048828125,5001.27978515625,,4.124000072479248,91
7095813937,2021-07-09T13:16:11.000Z,20.653063729405403,-103.31164726987481,1560.5999755859375,5013.72021484375,,4.14300012588501,91
7095813937,2021-07-09T13:16:14.000Z,20.65311544574797,-103.31175045110285,1560.0,5025.89990234375,,4.171000003814697,90
7095813937,2021-07-09T13:16:19.000Z,20.65321016125381,-103.31190400756896,1559.800048828125,5045.06982421875,,4.14300012588501,92
7095813937,2021-07-09T13:16:25.000Z,20.653314935043454,-103.31210383214056,1559.800048828125,5068.93994140625,,4.132999897003174,91
7095813937,2021-07-09T13:16:30.000Z,20.653432700783014,-103.3122331649065,1559.800048828125,5087.77978515625,,4.124000072479248,90
7095813937,2021-07-09T13:16:35.000Z,20.65353160724044,-103.31238563172519,1559.800048828125,5107.16015625,,4.0960001945495605,90
7095813937,2021-07-09T13:16:39.000Z,20.653593549504876,-103.31248403526843,1559.5999755859375,5119.490234375,,4.067999839782715,91
7095813937,2021-07-09T13:16:43.000Z,20.65365146845579,-103.3125994540751,1559.5999755859375,5133.240234375,,4.01200008392334,90
7095813937,2021-07-09T13:16:45.000Z,20.653693042695522,-103.31265854649246,1559.4000244140625,5140.93017578125,,3.9839999675750732,90
7095813937,2021-07-09T13:16:48.000Z,20.6537632830441,-103.31275250762701,1559.5999755859375,5153.43994140625,,3.9660000801086426,91
7095813937,2021-07-09T13:16:53.000Z,20.653858920559287,-103.31288955174387,1559.800048828125,5171.240234375,,3.947000026702881,91
7095813937,2021-07-09T13:16:57.000Z,20.653938129544258,-103.31303304992616,1559.800048828125,5188.58984375,,3.9839999675750732,89
7095813937,2021-07-09T13:17:02.000Z,20.654049525037408,-103.31319046206772,1559.199951171875,5209.1201171875,,4.039999961853027,90
7095813937,2021-07-09T13:17:07.000Z,20.654149688780308,-103.31333798356354,1559.5999755859375,5228.10009765625,,4.031000137329102,90
7095813937,2021-07-09T13:17:12.000Z,20.654228646308184,-103.31349925138056,1560.800048828125,5247.0498046875,,4.002999782562256,91
7095813937,2021-07-09T13:17:15.000Z,20.65427298657596,-103.3135818131268,1561.199951171875,5256.9599609375,,3.9839999675750732,91
7095813937,2021-07-09T13:17:20.000Z,20.654410533607006,-103.3137406501919,1561.4000244140625,5279.52001953125,,3.9660000801086426,90
7095813937,2021-07-09T13:17:21.000Z,20.654443139210343,-103.31376789137721,1561.4000244140625,5284.06982421875,,3.9660000801086426,90
7095813937,2021-07-09T13:17:26.000Z,20.654564425349236,-103.31391809508204,1561.4000244140625,5304.7001953125,,4.002999782562256,91
7095813937,2021-07-09T13:17:32.000Z,20.65467364154756,-103.314108280465,1561.4000244140625,5328.10986328125,,4.01200008392334,91
7095813937,2021-07-09T13:17:37.000Z,20.654769279062748,-103.31427432596684,1561.199951171875,5348.39013671875,,4.01200008392334,90
7095813937,2021-07-09T13:17:38.000Z,20.65479534678161,-103.31430600956082,1561.199951171875,5352.740234375,,4.01200008392334,90
7095813937,2021-07-09T13:17:43.000Z,20.65490037202835,-103.31448186188936,1561.199951171875,5374.43994140625,,4.050000190734863,90
7095813937,2021-07-09T13:17:48.000Z,20.654973043128848,-103.31462527625263,1561.0,5391.5,,4.031000137329102,91
7095813937,2021-07-09T13:17:50.000Z,20.65500103868544,-103.31469333730638,1559.800048828125,5399.22998046875,,4.021999835968018,91
7095813937,2021-07-09T13:17:52.000Z,20.655035907402635,-103.31476022489369,1558.4000244140625,5407.2099609375,,4.01200008392334,91
7095813937,2021-07-09T13:17:56.000Z,20.655137663707137,-103.31488226540387,1557.4000244140625,5424.10986328125,,4.021999835968018,91
7095813937,2021-07-09T13:17:58.000Z,20.655184434726834,-103.31494999118149,1556.800048828125,5432.83984375,,4.021999835968018,91
7095813937,2021-07-09T13:18:01.000Z,20.655248891562223,-103.31505484879017,1556.199951171875,5445.8798828125,,4.039999961853027,91
7095813937,2021-07-09T13:18:03.000Z,20.655288621783257,-103.315120479092,1556.0,5454.10009765625,,4.039999961853027,91
7095813937,2021-07-09T13:18:09.000Z,20.655412590131164,-103.3152980916202,1555.4000244140625,5477.2998046875,,4.039999961853027,90
7095813937,2021-07-09T13:18:10.000Z,20.65542952157557,-103.31532122567296,1555.199951171875,5480.33984375,,4.031000137329102,90
7095813937,2021-07-09T13:18:13.000Z,20.65548123791814,-103.31538568250835,1555.5999755859375,5489.2900390625,,4.002999782562256,88
7095813937,2021-07-09T13:18:14.000Z,20.655483501031995,-103.31541904248297,1555.5999755859375,5492.77978515625,,3.99399995803833,88
7095813937,2021-07-09T13:18:17.000Z,20.655469670891762,-103.31547402776778,1555.800048828125,5499.39990234375,,3.927999973297119,86
7095813937,2021-07-09T13:18:21.000Z,20.655363388359547,-103.31548349931836,1555.800048828125,5511.259765625,,3.806999921798706,85
7095813937,2021-07-09T13:18:25.000Z,20.655263727530837,-103.31554686650634,1555.5999755859375,5524.14990234375,,3.6579999923706055,87
7095813937,2021-07-09T13:18:30.000Z,20.655097514390945,-103.3155626244843,1555.4000244140625,5543.75,,3.6389999389648438,87
7095813937,2021-07-09T13:18:31.000Z,20.65505133010447,-103.31553823314607,1555.4000244140625,5549.4599609375,,3.6389999389648438,87
7095813937,2021-07-09T13:18:36.000Z,20.65484027378261,-103.31549674272537,1555.800048828125,5572.4501953125,,3.750999927520752,87
7095813937,2021-07-09T13:18:37.000Z,20.654809093102813,-103.31547746434808,1555.800048828125,5576.2900390625,,3.759999990463257,87
7095813937,2021-07-09T13:18:43.000Z,20.654727704823017,-103.31529851071537,1555.5999755859375,5597.02001953125,,3.7139999866485596,88
7095813937,2021-07-09T13:18:44.000Z,20.654713036492467,-103.31527009606361,1555.800048828125,5600.3798828125,,3.7139999866485596,88
7095813937,2021-07-09T13:18:48.000Z,20.654658805578947,-103.31514654681087,1555.5999755859375,5614.509765625,,3.7039999961853027,88
7095813937,2021-07-09T13:18:53.000Z,20.654590660706162,-103.31500950269401,1556.4000244140625,5630.68017578125,,3.6480000019073486,88
7095813937,2021-07-09T13:18:55.000Z,20.654553109779954,-103.31495418213308,1557.0,5637.7900390625,,3.6670000553131104,88
7095813937,2021-07-09T13:18:56.000Z,20.654533244669437,-103.3149309642613,1557.4000244140625,5641.0498046875,,3.6670000553131104,88
7095813937,2021-07-09T13:19:01.000Z,20.654452107846737,-103.31480020657182,1558.5999755859375,5657.3798828125,,3.6019999980926514,87
7095813937,2021-07-09T13:19:07.000Z,20.654362170025706,-103.31463349051774,1557.800048828125,5677.43017578125,,3.5829999446868896,89
7095813937,2021-07-09T13:19:08.000Z,20.654342472553253,-103.3146022260189,1557.199951171875,5681.35009765625,,3.5829999446868896,89
7095813937,2021-07-09T13:19:13.000Z,20.654243230819702,-103.31445168703794,1557.4000244140625,5700.5498046875,,3.6110000610351562,88
7095813937,2021-07-09T13:19:16.000Z,20.654183216392994,-103.31436267122626,1558.4000244140625,5711.9599609375,,3.6110000610351562,88
7095813937,2021-07-09T13:19:19.000Z,20.654129572212696,-103.31428195349872,1558.199951171875,5722.259765625,,3.5829999446868896,88
7095813937,2021-07-09T13:19:24.000Z,20.65405254252255,-103.31418128684163,1557.800048828125,5735.8701171875,,3.507999897003174,85
7095813937,2021-07-09T13:19:37.000Z,20.653992192819715,-103.31414390355349,1558.4000244140625,5737.14990234375,,0.0,0
7095813937,2021-07-09T13:19:40.000Z,20.653914995491505,-103.31412789411843,1558.4000244140625,5745.43994140625,,2.621999979019165,0
7095813937,2021-07-09T13:19:45.000Z,20.653753140941262,-103.31413845531642,1558.199951171875,5763.259765625,,3.742000102996826,88
7095813937,2021-07-09T13:19:50.000Z,20.653625652194023,-103.31418137066066,1558.199951171875,5779.7900390625,,3.4519999027252197,87
7095813937,2021-07-09T13:19:52.000Z,20.653634956106544,-103.31426175311208,1558.4000244140625,5788.22998046875,,3.322000026702881,85
7095813937,2021-07-09T13:19:54.000Z,20.653673261404037,-103.3143485058099,1558.4000244140625,5798.18994140625,,3.5360000133514404,85
7095813937,2021-07-09T13:19:59.000Z,20.653747441247106,-103.31455243751407,1557.5999755859375,5820.93994140625,,3.8910000324249268,89
7095813937,2021-07-09T13:20:00.000Z,20.653762696310878,-103.31459015607834,1557.800048828125,5825.2001953125,,3.8910000324249268,89
7095813937,2021-07-09T13:20:05.000Z,20.653845509514213,-103.314766343683,1558.0,5845.669921875,,3.871999979019165,89
7095813937,2021-07-09T13:20:06.000Z,20.653860261663795,-103.31480540335178,1558.0,5850.06005859375,,3.881999969482422,89
7095813937,2021-07-09T13:20:11.000Z,20.653935614973307,-103.31496524624527,1558.4000244140625,5868.72021484375,,3.86299991607666,89
7095813937,2021-07-09T13:20:18.000Z,20.653982050716877,-103.31499952822924,1558.0,5868.72021484375,,0.0,0
7095813937,2021-07-09T13:20:23.000Z,20.654035108163953,-103.31499231979251,1557.800048828125,5875.14013671875,,0.0,0
7095813937,2021-07-09T13:20:25.000Z,20.654081208631396,-103.31498259678483,1557.5999755859375,5880.3701171875,,2.697000026702881,86
7095813937,2021-07-09T13:20:26.000Z,20.65411364659667,-103.31497765146196,1557.5999755859375,5884.0,,3.0139999389648438,86
7095813937,2021-07-09T13:20:27.000Z,20.654144240543246,-103.3149600494653,1557.4000244140625,5887.830078125,,3.619999885559082,86
7095813937,2021-07-09T13:20:28.000Z,20.654175002127886,-103.3149444591254,1557.4000244140625,5891.58984375,,3.619999885559082,86
7095813937,2021-07-09T13:20:32.000Z,20.65434431657195,-103.31486348994076,1557.199951171875,5912.490234375,,3.3499999046325684,86
7095813937,2021-07-09T13:20:34.000Z,20.65437558107078,-103.31479886546731,1557.199951171875,5920.16015625,,3.5460000038146973,87
7095813937,2021-07-09T13:20:39.000Z,20.65435160882771,-103.31462200731039,1557.800048828125,5939.02978515625,,3.759999990463257,87
7095813937,2021-07-09T13:20:45.000Z,20.65422018058598,-103.31444456242025,1557.800048828125,5962.60009765625,,3.8350000381469727,90
7095813937,2021-07-09T13:20:51.000Z,20.654109958559275,-103.31425873562694,1557.0,5985.56005859375,,3.8540000915527344,91
7095813937,2021-07-09T13:20:55.000Z,20.65403644926846,-103.31413778476417,1557.0,6000.58984375,,3.8350000381469727,90
7095813937,2021-07-09T13:20:56.000Z,20.654023624956608,-103.31410987302661,1557.199951171875,6003.83984375,,3.815999984741211,89
7095813937,2021-07-09T13:20:56.000Z,20.654023624956608,-103.31410987302661,1557.199951171875,6003.83984375,,3.815999984741211,89
7095813937,2021-07-09T13:20:59.000Z,20.653980374336243,-103.31401842646301,1558.5999755859375,6014.509765625,,3.742000102996826,89
7095813937,2021-07-09T13:21:02.000Z,20.653921701014042,-103.31391583196819,1559.199951171875,6027.02978515625,,3.759999990463257,89
7095813937,2021-07-09T13:21:08.000Z,20.65380192361772,-103.31373679451644,1559.4000244140625,6049.97021484375,,3.7790000438690186,91
7095813937,2021-07-09T13:21:14.000Z,20.653679044917226,-103.31355230882764,1558.199951171875,6073.56982421875,,3.7790000438690186,91
7095813937,2021-07-09T13:21:19.000Z,20.653570918366313,-103.31339112482965,1558.0,6094.27978515625,,3.806999921798706,91
7095813937,2021-07-09T13:21:25.000Z,20.65345357172191,-103.31321694888175,1557.5999755859375,6116.6201171875,,3.806999921798706,91
7095813937,2021-07-09T13:21:26.000Z,20.6534334551543,-103.31318660639226,1557.4000244140625,6120.47998046875,,3.806999921798706,91
7095813937,2021-07-09T13:21:31.000Z,20.653327675536275,-103.31300714984536,1557.4000244140625,6142.60009765625,,3.8350000381469727,91
7095813937,2021-07-09T13:21:34.000Z,20.653283754363656,-103.31288712099195,1558.5999755859375,6156.14990234375,,3.86299991607666,92
7095813937,2021-07-09T13:21:37.000Z,20.653223572298884,-103.31277010962367,1559.199951171875,6170.0498046875,,3.9189999103546143,92
7095813937,2021-07-09T13:21:42.000Z,20.65311251208186,-103.31259911879897,1558.4000244140625,6191.72021484375,,4.021999835968018,94
7095813937,2021-07-09T13:21:45.000Z,20.65303472802043,-103.31250021234155,1559.4000244140625,6205.14013671875,,4.067999839782715,93
7095813937,2021-07-09T13:21:51.000Z,20.652916375547647,-103.31233483739197,1558.0,6226.81982421875,,4.01200008392334,92
7095813937,2021-07-09T13:21:56.000Z,20.65282115712762,-103.31215579994023,1557.800048828125,6248.259765625,,3.9839999675750732,91
7095813937,2021-07-09T13:21:57.000Z,20.652797520160675,-103.31211598590016,1558.0,6253.169921875,,4.002999782562256,91
7095813937,2021-07-09T13:22:02.000Z,20.652673803269863,-103.31195077858865,1559.4000244140625,6275.2001953125,,4.059000015258789,93
7095813937,2021-07-09T13:22:04.000Z,20.652628792449832,-103.31189017742872,1559.199951171875,6283.25,,4.078000068664551,93
7095813937,2021-07-09T13:22:10.000Z,20.652512619271874,-103.31170074641705,1558.800048828125,6306.83984375,,4.067999839782715,92
7095813937,2021-07-09T13:22:13.000Z,20.65244061872363,-103.31160611473024,1560.0,6319.509765625,,4.078000068664551,93
7095813937,2021-07-09T13:22:14.000Z,20.652417484670877,-103.31157309003174,1560.199951171875,6323.7900390625,,4.0960001945495605,93
7095813937,2021-07-09T13:22:19.000Z,20.652331318706274,-103.3114371355623,1560.199951171875,6340.89013671875,,4.039999961853027,92
7095813937,2021-07-09T13:22:23.000Z,20.652267783880234,-103.31132708117366,1558.5999755859375,6354.33984375,,3.9839999675750732,92
7095813937,2021-07-09T13:22:28.000Z,20.652167620137334,-103.3111506421119,1558.5999755859375,6376.0400390625,,4.01200008392334,93
7095813937,2021-07-09T13:22:32.000Z,20.652084639295936,-103.31102399155498,1559.5999755859375,6392.1201171875,,4.021999835968018,92
7095813937,2021-07-09T13:22:33.000Z,20.65206670202315,-103.31099264323711,1559.5999755859375,6395.93994140625,,4.01200008392334,93
7095813937,2021-07-09T13:22:37.000Z,20.65199051052332,-103.31086372956634,1559.0,6411.81982421875,,4.002999782562256,93
7095813937,2021-07-09T13:22:42.000Z,20.651886072009802,-103.31069366075099,1560.4000244140625,6433.0,,4.01200008392334,92
7095813937,2021-07-09T13:22:43.000Z,20.65187031403184,-103.31065963022411,1560.5999755859375,6436.9599609375,,4.01200008392334,92
7095813937,2021-07-09T13:22:48.000Z,20.651770485565066,-103.31045527942479,1559.800048828125,6460.990234375,,4.067999839782715,92
7095813937,2021-07-09T13:22:53.000Z,20.651671746745706,-103.31032804213464,1559.4000244140625,6478.27001953125,,3.3399999141693115,89
7095813937,2021-07-09T13:22:54.000Z,20.65165439620614,-103.31031505018473,1559.5999755859375,6480.58984375,,3.115999937057495,89
7095813937,2021-07-09T13:23:00.000Z,20.651616845279932,-103.31028386950493,1559.199951171875,6481.009765625,,0.0,0
7095813937,2021-07-09T13:23:02.000Z,20.651604356244206,-103.3102372661233,1559.199951171875,6486.08984375,,0.0,0
7095813937,2021-07-09T13:23:04.000Z,20.65156881697476,-103.31016543321311,1559.199951171875,6494.56982421875,,3.555000066757202,80
7095813937,2021-07-09T13:23:07.000Z,20.651507126167417,-103.31008706241846,1559.800048828125,6505.22021484375,,3.059999942779541,84
7095813937,2021-07-09T13:23:10.000Z,20.651470748707652,-103.31005780957639,1559.800048828125,6510.0,,2.257999897003174,84
